from	to	weight
5087100.0	965051.0	0.000618978469850659
5043552.0	5087100.0	7.83248047260543e-07
5043552.0	965051.0	0.0006197617178979195
4091019.0	965051.0	0.0007117069061598017
4106228.0	3859027.0	0.001055659094497671
4106228.0	5701.0	0.0005278300696319106
2825806.0	3859027.0	0.001055659094497671
2825806.0	5701.0	0.0005278300696319106
5701.0	3859027.0	0.0005278290248657604
4091019.0	3859027.0	0.000527831201455085
3797570.0	3859027.0	0.001055659094497671
3797570.0	5701.0	0.0005278300696319106
6737284.0	5701.0	0.0022340408374305052
4769837.0	5759952.0	0.0008531521367833312
6737284.0	5759952.0	0.0025593629045819258
2676399.0	44853.0	0.0004936642592973746
1545088.0	44853.0	0.0004936642592973746
7971387.0	44853.0	0.0004936642592973746
7804896.0	4830296.0	0.0013491258937133883
4108663.0	4830296.0	-0.0012020071498852235
2319844.0	1447509.0	0.0013926734853371666
6429699.0	4452553.0	0.0007975921876318046
6060650.0	4452553.0	0.0007975921876318046
6028504.0	4452553.0	1.9901382623246575e-08
2945701.0	4452553.0	9.008122979174487e-05
5517143.0	1479535.0	0.0007074981536721676
2945701.0	1479535.0	0.0014150258785472491
6947598.0	1479535.0	0.0021225368363873088
58186.0	157247.0	0.0010444812532493086
989185.0	157247.0	0.0010444812532493086
5269827.0	1491895.0	0.0026378381243627198
5455057.0	1491895.0	0.002637835225120561
2248054.0	1518344.0	0.0015097132783066871
3427347.0	1518344.0	0.001006479983938476
7831719.0	1518344.0	0.002012953390463437
4593347.0	3858806.0	1.0227334772692012e-08
7831719.0	3858806.0	0.0010343088262975827
3732075.0	3858806.0	1.0437822589321605e-08
3732075.0	4593347.0	2.104878166295926e-10
7831719.0	4593347.0	0.00103429859896281
2748984.0	4593347.0	0.0015094298995911425
2571330.0	1506147.0	0.00047514736232556623
2748984.0	1506147.0	0.0009502786629538987
2295520.0	1506147.0	0.0009502794964527121
2295520.0	2571330.0	0.00047513213412714593
3952775.0	2571330.0	0.0
3813825.0	3066972.0	0.0010317699648308648
3813825.0	118068.0	0.000515884575817077
3310749.0	3066972.0	0.0010317699648308648
3310749.0	118068.0	0.000515884575817077
118068.0	3066972.0	0.0005158853890137878
3952775.0	3066972.0	0.0010317699648308648
2790092.0	574632.0	0.0006965419588115018
2790092.0	1059101.0	0.0006965360963815469
1904141.0	1059101.0	0.0013930717828459166
1904141.0	1059101.0	0.0013930717828459166
1059101.0	574632.0	5.862429954895179e-09
1904141.0	574632.0	0.0013930776452758717
4354201.0	574632.0	0.0006965419588115018
4354201.0	1059101.0	0.0006965360963815469
1904141.0	1059101.0	0.0013930717828459166
2856088.0	574632.0	0.0006965419588115018
2856088.0	1059101.0	0.0006965360963815469
1904141.0	1059101.0	0.0013930717828459166
944867.0	965051.0	0.0011729499957799725
1847373.0	965051.0	0.0015639337971629704
1847373.0	965051.0	0.0015639337971629704
4961615.0	965051.0	0.0007044008668288063
600082.0	1341417.0	2.802238939730948e-08
4961615.0	1341417.0	3.1254637807205145e-08
1862514.0	2847956.0	0.000565339413665089
4303068.0	2847956.0	0.002826692407393361
4303068.0	2847956.0	0.002826692407393361
2628903.0	1862514.0	1.6239395760194938e-09
2628903.0	2847956.0	0.0005653410376046651
4303068.0	2847956.0	0.002826692407393361
643482.0	1034536.0	0.0005106360194413356
643482.0	643482.0	0.000510635886652454
3538177.0	643482.0	3.431361466558862e-09
643482.0	1034536.0	1.3278888156154772e-10
3538177.0	1034536.0	3.5641503481204095e-09
1772824.0	1034536.0	0.0005106360194413356
1194545.0	1023618.0	0.0013113958199638322
1194545.0	1483303.0	0.0004371317674813227
1483303.0	1023618.0	0.0008742640524825095
1772824.0	1023618.0	0.0013113958199638322
2889176.0	1196533.0	0.00048417869352719134
1894824.0	1196533.0	0.0009683644770175774
1894824.0	1196533.0	0.0009683644770175774
2838500.0	1196533.0	0.0014525456695374155
2807302.0	1884503.0	0.00044369800480556954
6395838.0	1884503.0	0.00044369800480556954
3629438.0	3400979.0	0.0006111258043106233
2838500.0	3400979.0	-0.00044626954694673964
2029048.0	992666.0	2.132195658043328e-09
2029048.0	991275.0	7.583677967288455e-10
2838500.0	991275.0	2.0353703597758913e-09
991275.0	992666.0	1.3738278613144826e-09
2838500.0	992666.0	3.409198221090374e-09
2758150.0	992666.0	2.701546079019162e-09
2758150.0	2029048.0	5.693504209758338e-10
2758150.0	991275.0	1.3277182177046792e-09
2758150.0	2078030.0	2.743022481789363e-10
2758150.0	2905625.0	2.4433643991536233e-10
2758150.0	2346427.0	2.0284532750323644e-10
2838500.0	2346427.0	9.104974695744485e-10
2078030.0	992666.0	2.4272438308402255e-09
2078030.0	2029048.0	2.9504817279689746e-10
2078030.0	991275.0	1.053415969525743e-09
2838500.0	991275.0	2.0353703597758913e-09
2905625.0	992666.0	2.4572096391037995e-09
2905625.0	2029048.0	3.2501398106047144e-10
2905625.0	991275.0	1.083381777789317e-09
2905625.0	2078030.0	2.996580826357398e-11
2838500.0	2078030.0	9.819543902501483e-10
2346427.0	992666.0	2.4987007515159254e-09
2346427.0	2029048.0	3.6650509347259733e-10
2346427.0	991275.0	1.1248728902014428e-09
2346427.0	2078030.0	7.145692067569986e-11
2346427.0	2905625.0	4.1491112412125886e-11
2838500.0	2905625.0	9.519885819865744e-10
709329.0	992666.0	2.8675103007683687e-09
709329.0	2029048.0	7.353146427250407e-10
709329.0	991275.0	1.4936824394538861e-09
709329.0	2758150.0	1.6596422174920689e-10
709329.0	2078030.0	4.402664699281432e-10
709329.0	2905625.0	4.103006616645692e-10
709329.0	2346427.0	3.6880954925244333e-10
2838500.0	2346427.0	9.104974695744485e-10
4863202.0	201078.0	0.0005954049746715053
4863202.0	1633186.0	0.0011908095964772679
4863202.0	1011527.0	0.0011908084558196693
4863202.0	519413.0	0.0017862143947159018
201078.0	1633186.0	0.0005954046218057626
201078.0	1011527.0	0.000595403481148164
201078.0	519413.0	0.0011908094200443965
1898904.0	519413.0	0.0017862143947159018
1633186.0	519413.0	0.0005954047982386339
1898904.0	519413.0	0.0017862143947159018
1011527.0	1633186.0	1.1406575985400264e-09
1011527.0	519413.0	0.0005954059388962325
1898904.0	519413.0	0.0017862143947159018
1898904.0	519413.0	0.0017862143947159018
4938891.0	519413.0	0.0017862143947159018
3796446.0	3946728.0	0.0006061013616091342
3796446.0	3796446.0	0.0006058196637208284
3796446.0	3946728.0	0.0006058156919722176
3796446.0	3946728.0	2.816978883058265e-07
4938891.0	3946728.0	0.0006061013616091342
3946728.0	3946728.0	2.8566963691659727e-07
3946728.0	3796446.0	3.971748610770778e-09
4938891.0	3796446.0	0.0006058196637208284
3946728.0	3946728.0	0.0006061013616091342
3946728.0	3796446.0	0.0006058196637208284
3946728.0	3946728.0	0.0006058156919722176
1550807.0	1248114.0	0.00037148086380956325
1261800.0	1248114.0	7.107523937888854e-10
398431.0	1248114.0	4.43240863036644e-05
90678.0	1386886.0	0.00032715758643810317
398431.0	1386886.0	0.0003271578651663538
200976.0	1386886.0	0.0009814716282952004
200976.0	90678.0	0.0006543140418570972
2468342.0	1677272.0	0.000933422150028394
2468342.0	1677272.0	0.0014001427359842979
1130317.0	2468342.0	0.0004667205859559039
1130317.0	1677272.0	0.0014001427359842979
2908777.0	2468342.0	0.0004667205859559039
2908777.0	1677272.0	0.0014001427359842979
2468342.0	1677272.0	0.0014001427359842979
1312107.0	1428679.0	0.0007512023085496133
1312107.0	1469954.0	0.0007512022530335096
1482542.0	1469954.0	0.0007512022530335096
1469954.0	1428679.0	5.5516103758361524e-11
1482542.0	1428679.0	0.0007512023085496133
907927.0	1253312.0	0.0013191160290579318
864385.0	1253312.0	0.0008794097208254454
1518924.0	1875256.0	0.00046860903085737713
1525221.0	1875256.0	0.001405838974942836
1525221.0	1875256.0	0.001405838974942836
3231139.0	1518924.0	0.00046861829273010867
3231139.0	1875256.0	0.0009372273235874858
1525221.0	1875256.0	0.001405838974942836
1079913.0	5073447.0	0.000682953408826028
4237965.0	5073447.0	0.000682953408826028
5468958.0	5073447.0	0.000682953408826028
2369807.0	295783.0	0.0021423205807756434
2438423.0	689579.0	0.0008963923338396992
3161980.0	5089460.0	0.000719083432518278
2613306.0	5089460.0	0.000719083432518278
3944497.0	5089460.0	0.000719083432518278
4705262.0	5089460.0	0.000719083432518278
4024328.0	4701628.0	1.0495547401773338e-08
4705262.0	4701628.0	0.0006247963176592465
5542214.0	2611451.0	0.0007290110137708157
4679611.0	2611451.0	0.0007290110137708157
5066707.0	2611451.0	0.0007290110137708157
5476612.0	2611451.0	0.0007290110137708157
2253302.0	2611451.0	0.0007290110137708157
11428688.0	2611451.0	-0.008148603231283268
2207559.0	9645594.0	0.008879809940311649
10503914.0	9645594.0	0.0017770553245464614
6371914.0	412507.0	0.003107166161965079
6411417.0	412507.0	4.8020246850959125e-08
3402854.0	412507.0	0.003107166161965079
1491895.0	412507.0	0.003107166161965079
1117987.0	412507.0	0.0036240004632186375
1868805.0	19068.0	0.0005168377546384994
1117987.0	19068.0	0.0010336720558920577
3084196.0	19068.0	0.000997716774874893
3084196.0	19068.0	0.000997716774874893
8929645.0	1842959.0	0.0005810499986555206
3655408.0	1842959.0	0.0005810499986555206
2801144.0	1842959.0	2.434442345302691e-09
387413.0	328501.0	0.0005823720176638156
148766.0	328501.0	0.0008735608852276674
148766.0	328501.0	0.0008735608852276674
388086.0	387413.0	0.0002911888675638519
388086.0	328501.0	0.0008735608852276674
398431.0	328501.0	0.0008735608852276674
440764.0	34397.0	0.0003123436677899999
398431.0	34397.0	0.0006246871481412554
522511.0	118068.0	1.1703187030587259e-11
522511.0	3794803.0	0.0014220797220918448
522511.0	2082141.0	0.0021331188107282556
5879512.0	2082141.0	0.003555186291339051
118068.0	3794803.0	0.0014220797103886578
118068.0	2082141.0	0.0021331187990250686
5879512.0	2082141.0	0.003555186291339051
3794803.0	2082141.0	0.0007110390886364108
5879512.0	2082141.0	0.003555186291339051
5879512.0	2082141.0	0.003555186291339051
1353011.0	4255447.0	0.0006860512950105553
6385825.0	7347451.0	0.0018548044288677003
6385825.0	973578.0	0.013886747249373693
6385825.0	4084932.0	0.0005341155126585224
6385825.0	1714715.0	0.002136427844070828
6385825.0	4181566.0	0.0010682117825128558
7193616.0	7347451.0	0.0018548044288677003
7193616.0	973578.0	0.013886747249373693
7193616.0	4084932.0	0.0005341155126585224
7193616.0	1714715.0	0.002136427844070828
7193616.0	4181566.0	0.0010682117825128558
2670571.0	7347451.0	0.0018548044288677003
2670571.0	973578.0	0.013886747249373693
2670571.0	4084932.0	0.0005341155126585224
2670571.0	1714715.0	0.002136427844070828
2670571.0	4181566.0	0.0010682117825128558
7347451.0	973578.0	0.012031942820505993
7347451.0	1714715.0	0.0002816234152031279
2475928.0	1714715.0	-0.0016023087492018375
4084932.0	7347451.0	0.001320688916209178
4084932.0	973578.0	0.01335263173671517
4084932.0	1714715.0	0.0016023123314123059
4084932.0	4181566.0	0.0005340962698543334
1714715.0	973578.0	0.011750319405302865
4181566.0	7347451.0	0.0007865926463548445
4181566.0	973578.0	0.012818535466860837
4181566.0	1714715.0	0.0010682160615579723
7587575.0	1714715.0	0.002136427844070828
1357832.0	6372637.0	3.723816152916698e-08
7587575.0	6372637.0	0.0011369612174869348
2749048.0	6372637.0	0.0006901566057372333
1556245.0	537249.0	1.2176876512865788e-09
2749048.0	537249.0	2.530102583768023e-09
2370483.0	537249.0	0.0004468071418522853
2370483.0	1556245.0	0.000446805924164634
7423021.0	1556245.0	0.0014993223653855777
7803650.0	2159528.0	0.001053500139479988
7423021.0	2159528.0	0.0021060165807009314
7267465.0	2159528.0	0.0020050336170284746
7267465.0	2159528.0	0.0020050336170284746
1891098.0	1127514.0	0.000468899148796961
2013910.0	1127514.0	0.001428893244866602
2674716.0	3171256.0	0.0014288951432424003
2674716.0	3411338.0	0.00047629844409751614
2013910.0	3411338.0	0.001905191688964118
1410567.0	3171256.0	0.0014288951432424003
1410567.0	3411338.0	0.00047629844409751614
2013910.0	3411338.0	0.001905191688964118
2862991.0	3171256.0	0.0014288951432424003
2862991.0	3411338.0	0.00047629844409751614
2013910.0	3411338.0	0.001905191688964118
1545292.0	3171256.0	0.0014288951432424003
1545292.0	3411338.0	0.00047629844409751614
2013910.0	3411338.0	0.001905191688964118
3411338.0	3171256.0	0.0009525966991448841
2013910.0	3171256.0	0.0028577883881090024
1449915.0	3171256.0	0.0014288951432424003
1175966.0	568785.0	0.00036588443713711445
1449915.0	568785.0	0.0007317686232655722
6773255.0	568785.0	-0.00012089937670978549
2295549.0	6700127.0	3.4249842938973915e-09
6773255.0	6700127.0	1.937141620700876e-08
4918811.0	6700127.0	0.0008526873713915647
4918811.0	2295549.0	0.0008526839464072708
5702077.0	2295549.0	0.0008526839464072708
3386635.0	1491895.0	0.0015021410339340997
3840799.0	1491895.0	0.0015021410339340997
6803781.0	3753686.0	0.0009776714886162762
2815635.0	3753686.0	0.0009776714886162762
6803781.0	3753686.0	0.0009776714886162762
2061000.0	529322.0	0.0006963987674356316
2467772.0	529322.0	0.0006963987674356316
5064424.0	529322.0	0.0006963987674356316
1945540.0	529322.0	-0.0002853313377885316
3093731.0	1026459.0	0.0004908842869708818
1945540.0	1026459.0	0.0004908866127987172
2310830.0	5336818.0	0.0006575958525884937
5273255.0	5336818.0	0.0013151929163911888
5273255.0	5336818.0	0.0013151929163911888
5367228.0	2310830.0	2.9479447256767002e-09
5367228.0	5336818.0	0.0006575988005332194
5273255.0	5336818.0	0.0013151929163911888
2503750.0	5336818.0	0.0017739239611833147
2503750.0	5336818.0	0.0017739239611833147
2503750.0	5336818.0	0.0017739239611833147
2503750.0	5336818.0	0.0017739239611833147
2826778.0	2853243.0	0.0023656254585101605
2826778.0	804867.0	0.0017741094480036759
2826778.0	2911621.0	0.0017740956293828712
2826778.0	2911621.0	0.0011827328683776403
804867.0	2853243.0	0.0005915160105064846
2826778.0	2853243.0	0.0017742626975049297
2911621.0	2853243.0	0.0005915298291272893
2911621.0	804867.0	1.3818620804703294e-08
2826778.0	804867.0	0.0011827466869984453
2723939.0	804867.0	0.002210566739810587
2097224.0	2132800.0	0.0004365523571506334
2723939.0	2132800.0	0.0008730096489575447
1586174.0	7685472.0	2.235340547645376e-09
6828186.0	7685472.0	0.0011621471411545333
6828186.0	7685472.0	0.0011621471411545333
693275.0	1586174.0	5.533603244893548e-09
693275.0	7685472.0	7.768943792538924e-09
6828186.0	7685472.0	0.0011621471411545333
4973275.0	5180509.0	0.002142405150591444
4973275.0	3858806.0	0.0021424064255643775
5180509.0	3858806.0	1.274972933652807e-09
5468958.0	3858806.0	0.0010712133593517128
5468958.0	3858806.0	0.0010712133593517128
2809325.0	5180509.0	0.002142405150591444
2809325.0	3858806.0	0.0021424064255643775
1980906.0	1353011.0	0.000809578080956912
1980906.0	1059101.0	0.0008095783237017202
1353011.0	1059101.0	2.4274480824948777e-10
1980906.0	1059101.0	0.0004047874057275974
1980906.0	1059101.0	0.0004047874057275974
1879822.0	1491895.0	0.000434953609110401
3882672.0	1491895.0	0.000434953609110401
2956874.0	3558931.0	0.001531699532666169
8454443.0	3558931.0	0.001531699532666169
5994600.0	10620671.0	5.23854119346967e-07
8454443.0	10620671.0	0.009457989380812847
8942066.0	10620671.0	0.009457989380812847
2008318.0	2159528.0	0.0014551049604940294
452074.0	114251.0	0.0011254577230589329
4494979.0	452074.0	0.0005627283081014285
4494979.0	114251.0	0.0016881860311603613
4494979.0	4237824.0	0.0005627283081014285
4237824.0	114251.0	0.0011254577230589329
2293686.0	965051.0	0.0005580508164786914
4871242.0	3984553.0	0.0013960297346882478
4871242.0	1059101.0	0.001396029514760503
2040496.0	1059101.0	0.0006980146051225636
1059101.0	3984553.0	2.1992774485238287e-10
2040496.0	3984553.0	0.0006980148250503084
3109830.0	2373138.0	0.0004475718528549492
676835.0	2373138.0	0.0004475718528549492
2278691.0	2373138.0	3.106821397369508e-10
3465521.0	3358027.0	0.0006529508498287586
3465521.0	2649661.0	0.0006529507313996656
3125425.0	3358027.0	0.0006529508498287586
3125425.0	2649661.0	0.0006529507313996656
3465521.0	2649661.0	0.0006529507313996656
2649661.0	3358027.0	1.1842909302967747e-10
3465521.0	3358027.0	0.0006529508498287586
5278878.0	4258081.0	1.9956518246743923e-09
5522659.0	4258081.0	4.353656766803611e-09
5522659.0	4258081.0	4.353656766803611e-09
5550789.0	5278878.0	2.258230143679929e-10
5550789.0	4258081.0	2.2214748390423852e-09
5522659.0	4258081.0	4.353656766803611e-09
4467333.0	5278878.0	7.194820999829182e-10
4467333.0	4258081.0	2.7151339246573106e-09
4467333.0	5550789.0	4.936590856149253e-10
5522659.0	5550789.0	2.132181927761226e-09
3102438.0	5550789.0	0.0024396312834578204
3102438.0	5550789.0	0.0024396312834578204
3102438.0	5550789.0	0.0024396312834578204
3749631.0	5550789.0	0.0011730434217240397
881216.0	1743283.0	0.0004994409528461521
3749631.0	1743283.0	0.000998877251808358
1652183.0	2633591.0	0.0005189823658020783
3977527.0	2633591.0	0.0005189823658020783
3696399.0	2633591.0	0.0005189823658020783
3745183.0	2633591.0	0.0005189823658020783
3463075.0	2633591.0	0.0005189823658020783
3989136.0	2633591.0	0.0005189823658020783
2745584.0	2633591.0	0.0005189823658020783
2780033.0	2487009.0	0.0009320939966064015
1007409.0	544109.0	0.0006474818931761279
1007409.0	260028.0	0.0006474809372879327
1007409.0	517066.0	0.0003237400756148521
613860.0	517066.0	0.0003237400756148521
260028.0	544109.0	9.558881952035497e-10
613860.0	544109.0	0.0006474818931761279
517066.0	544109.0	0.0003237418175612758
517066.0	260028.0	0.0003237408616730806
613860.0	260028.0	0.0006474809372879327
1554899.0	19068.0	0.0005466239135552331
3873526.0	19068.0	0.0005466244288428176
3873526.0	19068.0	0.0005466244288428176
7737406.0	19068.0	-0.0019184894255282218
7467283.0	4183947.0	0.0010719584230167742
8046645.0	4183947.0	0.0010719584230167742
418965.0	1545088.0	0.0018977253161000973
5177786.0	1545088.0	0.006325743986191828
5177786.0	1545088.0	0.006325743986191828
3703534.0	6714544.0	0.0076520859283209786
2826194.0	6714544.0	0.007725163700157677
2826194.0	6714544.0	0.007725163700157677
1809895.0	3703534.0	0.0010107440104079935
1809895.0	6714544.0	0.008662829938728972
1809895.0	2934788.0	0.000937682780168871
2934788.0	3703534.0	7.30612302391225e-05
2934788.0	6714544.0	0.007725147158560101
2826194.0	6714544.0	0.007725163700157677
1512940.0	3703534.0	0.0010107440104079935
1512940.0	6714544.0	0.008662829938728972
1512940.0	2934788.0	0.000937682780168871
1534638.0	3703534.0	0.0010107440104079935
1534638.0	6714544.0	0.008662829938728972
1534638.0	2934788.0	0.000937682780168871
2940893.0	2472111.0	0.0004480602204564871
779158.0	2472111.0	0.0008961491260316947
779158.0	2472111.0	0.0008961491260316947
1992649.0	2940893.0	0.00044808890557520756
1992649.0	2472111.0	0.0008961491260316947
2806497.0	2940893.0	0.00044808890557520756
2806497.0	2472111.0	0.0008961491260316947
10264068.0	2472111.0	0.003028449164589105
10264068.0	2472111.0	0.003028449164589105
10264068.0	2472111.0	0.003028449164589105
4765115.0	1173776.0	0.0005871846485698045
4086533.0	1173776.0	0.000587188106333414
4086533.0	1173776.0	0.000587188106333414
1579565.0	1173776.0	0.0011741956643859838
7104527.0	2556381.0	0.0014998524098011501
1579565.0	2556381.0	0.002999636452317122
148225.0	2556381.0	0.002999636452317122
591626.0	1206267.0	0.0006198099615586381
148225.0	1206267.0	0.0012396192828442875
3043275.0	1024223.0	0.002268244685652964
2873357.0	1024223.0	0.0018145963249447947
1573531.0	1024223.0	0.002268244685652964
1529853.0	4733666.0	0.0011657316649136434
4316681.0	4733666.0	0.001165758633408519
4316681.0	4733666.0	0.001165758633408519
4719957.0	1529853.0	0.0005829033242184001
4719957.0	4733666.0	0.0017486349891320436
1910447.0	1697320.0	0.0009118122620930955
1910447.0	19068.0	0.001823624427959159
1697320.0	19068.0	0.0009118121658660635
935573.0	19068.0	0.0013677185928105584
935573.0	19068.0	0.0013677185928105584
8075749.0	19068.0	0.006137336816779561
7727843.0	8075342.0	1.0620790529816335e-08
8075749.0	8075342.0	0.005392159694830818
8075749.0	8075342.0	0.0010784473060104162
8075749.0	7727843.0	0.0010784366852198864
8075749.0	3385827.0	0.0010784289721533272
8075749.0	3385827.0	0.00539214136097373
1094246.0	8075342.0	0.0010784473060104162
1094246.0	7727843.0	0.0010784366852198864
1094246.0	3385827.0	0.0010784289721533272
8075749.0	3385827.0	0.00539214136097373
3385827.0	8075342.0	1.8333857088959418e-08
3385827.0	7727843.0	7.713066559143084e-09
8075749.0	7727843.0	0.005392149074040288
533209.0	2518608.0	0.0004714422854469924
2187142.0	2518608.0	0.0004714422854469924
3378393.0	2518608.0	0.0014528924236781298
3378393.0	2518608.0	0.0014528924236781298
1564967.0	2518608.0	0.0004714422854469924
941272.0	104198.0	1.9480435515563388e-10
1564967.0	104198.0	0.0007618285758175307
1738558.0	747978.0	0.0004638196316354438
1738558.0	438186.0	0.0004638162055377961
1738558.0	2731373.0	0.0013914461889864235
747978.0	2731373.0	0.0009276265573509797
3191005.0	2731373.0	0.0009276315172084984
438186.0	747978.0	3.42609764766421e-09
438186.0	2731373.0	0.0009276299834486273
3191005.0	2731373.0	0.0009276315172084984
3191005.0	2731373.0	0.0009276315172084984
1276130.0	747978.0	0.0004638196316354438
1276130.0	438186.0	0.0004638162055377961
1276130.0	2731373.0	0.0013914461889864235
2141665.0	2731373.0	0.002383130480267639
3007335.0	19068.0	0.0009916894190704494
2141665.0	19068.0	0.0019833737103516647
1295146.0	19068.0	0.0009916894190704494
2141665.0	19068.0	0.0019833737103516647
982124.0	19068.0	0.004356315017627985
982124.0	19068.0	0.004356315017627985
445820.0	19068.0	0.0009916894190704494
2915493.0	994737.0	5.926298004849812e-11
445820.0	994737.0	0.0004525625767542426
2345960.0	34397.0	0.0012983819533544914
2078412.0	34397.0	0.0012983819533544914
986715.0	34397.0	0.0012983819533544914
985935.0	851498.0	0.0003388922501663423
985935.0	365188.0	0.0003388897445320977
365188.0	851498.0	2.5056342446293407e-09
986715.0	851498.0	0.0003388922501663423
5043552.0	4373584.0	0.0006337439939968785
4589398.0	4373584.0	0.001267481842720282
4589398.0	4373584.0	0.001267481842720282
2906838.0	4373584.0	0.0006337439939968785
4007898.0	1719752.0	0.0007337594451167924
2906838.0	1719752.0	0.0014675163727143536
2106563.0	4281779.0	0.0014886173114851047
1859698.0	4281779.0	0.0014886173114851047
4526506.0	4281779.0	6.0400639561534325e-09
2586453.0	83809.0	0.0009214004764445113
1234625.0	83809.0	0.0009214004764445113
2600309.0	83809.0	0.0009214004764445113
1452108.0	83809.0	0.0009214004764445113
1656521.0	83809.0	0.0009214004764445113
855640.0	83809.0	0.000590358399963044
764846.0	328193.0	0.0003310425863748484
764846.0	285587.0	0.00033104228957104746
285587.0	328193.0	2.968038009375923e-10
855640.0	328193.0	5.098933811525756e-10
1828051.0	2856804.0	0.0018698775720890925
5136356.0	2856804.0	0.0018698775720890925
2125114.0	2856804.0	0.0018698775720890925
2459296.0	2856804.0	0.0014291398339576315
864620.0	212107.0	2.900279687093922e-10
2459296.0	212107.0	1.8885473654752308e-09
1573683.0	212107.0	6.227727649982945e-10
1573683.0	864620.0	3.3274479628890227e-10
2459296.0	864620.0	1.5985193967658386e-09
1799096.0	212107.0	7.351864340292107e-10
1799096.0	864620.0	4.4515846531981845e-10
1799096.0	1573683.0	1.1241366903091618e-10
2459296.0	1573683.0	1.2657746004769363e-09
2725775.0	1573683.0	-5.854373667511179e-05
783488.0	773228.0	0.0008774398160262452
783488.0	1686706.0	0.0008774389828591084
1275039.0	773228.0	0.0008774398160262452
1275039.0	1686706.0	0.0008774389828591084
2762883.0	1686706.0	0.0008774389828591084
1686706.0	773228.0	8.331671368447258e-10
2762883.0	773228.0	0.0008774398160262452
7450125.0	1441822.0	0.0011441617905696433
7772070.0	1441822.0	0.0011441617905696433
3326275.0	519413.0	1.750365503580542e-10
3769629.0	784246.0	0.00139426722223566
3769629.0	2374302.0	0.001394247827694138
3185459.0	784246.0	0.00139426722223566
3185459.0	2374302.0	0.001394247827694138
2374302.0	784246.0	1.9394541522039718e-08
6433656.0	784246.0	0.00139426722223566
1578347.0	4140102.0	0.0016170044190474033
1578347.0	1793428.0	0.0008084888714280579
1793428.0	4140102.0	0.0008085155476193455
6433656.0	4140102.0	0.0016170044190474033
2877123.0	4140102.0	0.00027835047259544814
341629.0	1293958.0	0.0005786041237282413
1447509.0	1293958.0	0.0005786041237282413
4687212.0	1293958.0	0.0005786041237282413
7846716.0	1293958.0	0.0005786041237282413
157247.0	11222004.0	2.2293934602742038e-07
7846716.0	11222004.0	0.007532458894924417
953242.0	1060292.0	0.0004161681159658521
2291136.0	1060292.0	0.0004161681159658521
1965768.0	1060292.0	0.0004161681159658521
1906322.0	1060292.0	0.0004161681159658521
2376526.0	1060292.0	2.786367371099101e-10
1897974.0	1060292.0	0.0004161681159658521
2894108.0	1716714.0	1.9969786396695265e-05
2894108.0	2513523.0	3.464811794678252e-09
1897974.0	2513523.0	0.0004885955052392775
2513523.0	1716714.0	1.9966321584900587e-05
1897974.0	1716714.0	0.0005085618268241781
1415168.0	1716714.0	1.9975273629668495e-05
1415168.0	2894108.0	5.487232973230317e-09
1415168.0	2513523.0	8.95204476790857e-09
1897974.0	2513523.0	0.0004885955052392775
285587.0	396373.0	0.0009428596738066996
636065.0	396373.0	0.0009428596738066996
3011784.0	1447509.0	0.0009156863174427386
3011784.0	1447509.0	4.784365580145014e-09
3702602.0	2333214.0	0.0004963036351812403
3702602.0	218432.0	0.0004963033700481789
3702602.0	1875256.0	0.0004963032075474103
3702602.0	1875256.0	0.0004963032075474103
218432.0	2333214.0	2.6513306144743815e-10
3702602.0	2333214.0	0.0004963036351812403
1875256.0	2333214.0	4.2763383003956157e-10
1875256.0	218432.0	1.6250076859212342e-10
3702602.0	218432.0	0.0004963033700481789
1044234.0	1520278.0	0.00037150375947748256
1482542.0	1520278.0	0.00037150375947748256
5922827.0	1520278.0	-0.0007388049770660551
4546390.0	3558931.0	0.0006615511156656169
4546390.0	1241793.0	0.0006615503862499567
1241793.0	3558931.0	7.294156601422505e-10
2372160.0	3558931.0	-0.0028705261768147442
1407478.0	519413.0	0.0013417353439801828
1391264.0	519413.0	0.0013418093032770413
1391264.0	519413.0	0.0013418093032770413
7594972.0	5947043.0	0.0009772499385671922
7594972.0	5947043.0	1.0434338422807277e-08
615746.0	1353011.0	0.0023003679502251045
4509083.0	1353011.0	0.0011501835540432541
2417250.0	1353011.0	0.0007162447500987623
783488.0	284698.0	0.0008718159434368872
160527.0	284698.0	0.0008718159434368872
1215921.0	582278.0	0.00046411103754443215
2725744.0	582278.0	0.00046411103754443215
1317805.0	582278.0	0.00046411103754443215
4820452.0	582278.0	0.0011269725519762474
3923521.0	2801559.0	0.0006628694783876422
4820452.0	2801559.0	0.0013257309928194575
780498.0	1517551.0	0.00038125499796922216
780498.0	1679187.0	0.0003812549912398068
1492684.0	1679187.0	7.166813716921391e-10
1679187.0	1517551.0	6.72941536479163e-12
1492684.0	1517551.0	7.234107870569308e-10
1465324.0	1517551.0	0.00038125499796922216
1465324.0	1679187.0	0.0003812549912398068
998158.0	941272.0	0.0008463274515678159
998158.0	941272.0	0.0004231642149030088
4643961.0	941272.0	0.003380863961188513
4643961.0	6144071.0	0.005069309910713829
4643961.0	6144071.0	0.007603846420334527
8221313.0	6144071.0	0.005069309910713829
149206.0	11355846.0	0.0041400321877662506
8726260.0	11355846.0	0.0041400321877662506
2345702.0	4799758.0	0.0005935566296776184
7671482.0	4799758.0	-0.0005804390088364595
7450125.0	2840750.0	1.4676088868487147e-09
7671482.0	2840750.0	0.0011740052417476496
4057622.0	2840750.0	0.0011740012856011203
4057622.0	7450125.0	0.0011739998179922334
4057622.0	519413.0	0.001173999339424515
7671482.0	519413.0	0.0011740032955710443
519413.0	2840750.0	1.9461766052886187e-09
519413.0	7450125.0	4.78567718439904e-10
7671482.0	7450125.0	0.0011740037741387627
5935182.0	6876418.0	0.0010728184598745194
4395287.0	6876418.0	0.0010728184598745194
8050863.0	6876418.0	0.0010728184598745194
8684182.0	7336232.0	0.04922805123188281
8684182.0	2683013.0	0.11322521945253033
8684182.0	3525315.0	0.02924166880559125
7336232.0	2683013.0	0.06399716822064752
5269101.0	2683013.0	0.07730984775526387
5269101.0	2683013.0	0.07730984775526387
1758300.0	8684182.0	0.018143279035010087
1758300.0	7336232.0	0.0673713302668929
1758300.0	2683013.0	0.13136849848754042
1758300.0	3179824.0	0.000986932522658293
1758300.0	3525315.0	0.047384947840601335
3179824.0	8684182.0	0.017156346512351792
3179824.0	7336232.0	0.06638439774423462
3179824.0	2683013.0	0.13038156596488212
3179824.0	3525315.0	0.04639801531794304
3525315.0	7336232.0	0.01998638242629157
3525315.0	2683013.0	0.08398355064693909
3111785.0	2683013.0	0.12450209244761826
2792053.0	402022.0	0.024261790967298556
1959207.0	402022.0	0.024261791629408423
1959207.0	2792053.0	6.621098664998104e-10
19068.0	402022.0	0.024261793244657423
19068.0	2792053.0	2.277358867512711e-09
19068.0	1959207.0	1.6152490010129007e-09
2026065.0	2780033.0	0.0004573584376124237
2547576.0	2780033.0	0.0004573584376124237
2513177.0	2780033.0	1.9596050846458425e-05
145587.0	2513177.0	1.5403406603483618e-06
2513177.0	2513177.0	1.540717722064793e-06
1993983.0	2513177.0	1.1734419839848223e-05
2567446.0	19068.0	0.0008551421005065155
1531345.0	1060407.0	0.0011103499351903788
3016759.0	1060407.0	0.0012358738091557634
2065215.0	822711.0	0.000991285524840016
3016759.0	822711.0	0.001982566807488358
5661795.0	822711.0	0.001486926577018571
5717193.0	3415269.0	2.936263854671009e-10
5661795.0	3415269.0	0.0006918573643367718
11390986.0	3415269.0	0.00710276494827978
11390986.0	3415269.0	0.00710276494827978
4649374.0	3415269.0	0.0006918573643367718
3469112.0	1023618.0	0.0004891726559395062
2619978.0	1023618.0	0.0004891726559395062
3553165.0	943435.0	0.0007119971874415552
3553165.0	2310830.0	0.0007119836634312158
5816509.0	2310830.0	0.0007119836634312158
2310830.0	943435.0	1.3524010339448049e-08
5816509.0	943435.0	0.0007119971874415552
114251.0	2834984.0	2.965559987790252e-10
3009875.0	2834984.0	0.00045827952381708646
3009875.0	2834984.0	0.00045827952381708646
149206.0	29407.0	0.0002938714227402262
350294.0	29407.0	0.0002938714227402262
149206.0	29407.0	0.0002938714227402262
1078536.0	29407.0	-0.00044919548589065345
1906356.0	3083093.0	0.00074306842959842
1906356.0	1496715.0	0.0007430681100669076
1496715.0	3083093.0	3.195315124689471e-10
1078536.0	3083093.0	1.5209675403903347e-09
1926807.0	218799.0	0.00041219366772476333
1926807.0	464744.0	0.0012365803896337453
218799.0	464744.0	0.000824386721908982
2267230.0	464744.0	0.0008243880532096653
2267230.0	464744.0	0.0008243880532096653
1490931.0	218799.0	0.00041219366772476333
1490931.0	464744.0	0.0012365803896337453
2232273.0	1059101.0	2.288295047371547e-09
2232273.0	2504564.0	3.199881153234316e-10
4065323.0	2504564.0	1.279950294190424e-09
4065323.0	2504564.0	1.279950294190424e-09
2504564.0	1059101.0	1.9683069320481153e-09
4065323.0	1059101.0	3.2482572262385392e-09
3963270.0	2232273.0	3.3487107509687364e-11
3963270.0	1059101.0	2.3217821548812342e-09
3963270.0	2504564.0	3.5347522283311894e-10
4065323.0	2504564.0	1.279950294190424e-09
5466897.0	1651018.0	0.000754782747964567
5466897.0	1651018.0	9.67285629187558e-09
7279796.0	1651018.0	0.000754782747964567
8949672.0	10204101.0	3.0298199730036113e-05
7279796.0	10204101.0	0.002046968596560307
8526705.0	10204101.0	0.002046968596560307
8526705.0	8949672.0	0.002016670396830271
6533379.0	8949672.0	0.002926929299484311
6533379.0	8949672.0	0.002926929299484311
2614311.0	4018629.0	0.0021036245460775986
3756181.0	4018629.0	0.0021036245460775986
7962581.0	4018629.0	0.0010518164216814024
478183.0	4018629.0	0.003119698047042031
1356062.0	947539.0	1.19492476894148e-11
478183.0	947539.0	0.0015241126293358631
661872.0	1175966.0	0.0004004661370929592
1848708.0	1175966.0	0.0004004661370929592
2031077.0	2838987.0	0.00090180801251967
2838500.0	2838987.0	0.001352713477748619
2838500.0	2838987.0	0.001352713477748619
2641232.0	5168739.0	1.013052996329776e-08
6067789.0	5168739.0	0.0014664837312214527
6067789.0	5168739.0	0.0014664837312214527
3959018.0	2641232.0	0.0007332351824554457
3959018.0	5168739.0	0.000733245312985409
3959018.0	1059101.0	1.5618931774015812e-09
6067789.0	1059101.0	0.0007332399801292212
1059101.0	2641232.0	0.0007332336205622683
1059101.0	5168739.0	0.0007332437510922316
6067789.0	5168739.0	0.0014664837312214527
2666779.0	1059101.0	0.00043995869672311535
2666779.0	678801.0	0.0013198758146100338
1059101.0	678801.0	0.0008799171178869185
1455182.0	678801.0	0.0008799178437494265
1455182.0	678801.0	0.0008799178437494265
560161.0	2080056.0	0.009034407010698438
8863398.0	2080056.0	0.018068335093099616
11945202.0	2080056.0	0.009034407010698438
8863398.0	2080056.0	0.018068335093099616
295783.0	2080056.0	0.009034407010698438
8863398.0	2080056.0	0.018068335093099616
8863398.0	2080056.0	0.018068335093099616
1496715.0	5506010.0	2.9756493628721806e-09
5015813.0	5506010.0	0.0006745660539684925
5015813.0	5506010.0	0.0006745660539684925
5066707.0	4127669.0	0.0007898103714700481
6395838.0	4127669.0	1.8627329806657905e-09
1495124.0	863470.0	0.0003748495640169341
1495124.0	1550807.0	0.00037484890699346715
1462466.0	1550807.0	0.00037484890699346715
1548863.0	863470.0	0.0003748495640169341
1548863.0	1550807.0	0.00037484890699346715
1550807.0	863470.0	6.57023466936555e-10
1462466.0	863470.0	0.0003748495640169341
9505723.0	863470.0	0.0046957094192889
9505723.0	863470.0	0.0046957094192889
3515042.0	2136970.0	0.000503360209152713
3515042.0	2963652.0	0.0005033576402557261
2963652.0	2136970.0	2.568896986842109e-09
3646193.0	2136970.0	0.0015260559282504142
3646193.0	2136970.0	0.0015260559282504142
6787580.0	2136970.0	0.0010067200370755926
4038770.0	4767888.0	0.0009004241001124289
4038770.0	4767888.0	0.0009004241001124289
2384046.0	4767888.0	0.00038780234372513725
2384046.0	2378485.0	0.0010252481236297493
2384046.0	3921623.0	0.0005126306193185767
3921623.0	2378485.0	0.0005126175043111726
2384046.0	2378485.0	0.0005126263672424577
3710834.0	2378485.0	0.0010252481236297493
3710834.0	3921623.0	0.0005126306193185767
2560137.0	2378485.0	0.0015378710418526241
2560137.0	2384046.0	0.0005126229182228748
2560137.0	3921623.0	0.0010252535375414515
2560137.0	3710834.0	0.0005126229182228748
1482542.0	3710834.0	0.0
1566232.0	1469954.0	1.5902955631942432e-08
1482542.0	1469954.0	0.0003726277714507613
1365088.0	1469954.0	0.0003726277714507613
1365088.0	1566232.0	0.00037261186849512934
1469954.0	1469954.0	0.0003726277714507613
1469954.0	1566232.0	0.00037261186849512934
1136593.0	235710.0	0.00046257140928836335
1329201.0	235710.0	0.0013877155503359817
1329201.0	235710.0	0.0013877155503359817
8634527.0	235710.0	0.0026183963200260025
8634527.0	235710.0	0.0026183963200260025
8634527.0	235710.0	0.0026183963200260025
805176.0	114251.0	0.0009276625171219158
1335165.0	805176.0	3.5633078618833858e-09
1335165.0	114251.0	0.0009276660804297777
2310289.0	805176.0	0.00046383700691276077
2310289.0	1335165.0	0.0004638334436048989
2310289.0	114251.0	0.0013914995240346766
2505027.0	114251.0	0.0004638335780678262
12152803.0	114251.0	0.05870153974345541
12130402.0	12130402.0	0.01435512358331296
12152803.0	12130402.0	0.0716651638027337
5150781.0	2932244.0	0.0007022603478818103
5150781.0	689579.0	0.0007022621344845455
2932244.0	689579.0	1.7866027352203898e-09
3739551.0	2932244.0	0.0007022603478818103
3739551.0	689579.0	0.0007022621344845455
4170720.0	689579.0	0.0007022621344845455
4994005.0	4170720.0	0.010139231800043379
216408.0	15609.0	0.0006316449469666431
701233.0	15609.0	0.0006316449469666431
183471.0	15609.0	0.0006316449469666431
10546053.0	1353011.0	0.0022087637056801535
3539826.0	1353011.0	0.0011044632562728746
462627.0	2479962.0	0.000688993935334543
4636110.0	2479962.0	0.0020669795203539544
4636110.0	2479962.0	0.0020669795203539544
2050002.0	1298762.0	0.00040053620121985887
1848708.0	1298762.0	0.0008010736502285923
201482.0	2050002.0	0.0004005374490087335
201482.0	1298762.0	0.0008010736502285923
1848708.0	1298762.0	0.0008010736502285923
3358027.0	1338292.0	0.00047982499459867486
1659450.0	1338292.0	6.795032794358787e-10
1552172.0	1338292.0	0.00047982499459867486
1525230.0	4478280.0	0.0009597464567202655
6893143.0	4478280.0	6.695125524510195e-09
9018535.0	4478280.0	0.0001922922041761694
8023289.0	6444625.0	3.6119159208241464e-08
8023289.0	2139191.0	2.7348211121712082e-08
9018535.0	2139191.0	7.416965288838985e-08
2139191.0	6444625.0	8.770948086529382e-09
9018535.0	6444625.0	8.294060097491923e-08
2207559.0	2572018.0	0.000793153018720657
4395287.0	2572018.0	0.000793153018720657
6336221.0	2815635.0	0.0012761574056865876
5027061.0	2815635.0	0.00255232118247726
3730397.0	4128536.0	3.587189335071267e-09
5027061.0	4128536.0	0.0006155433371733985
1197775.0	2472111.0	0.0005231443734251429
3270525.0	2472111.0	0.0005231443734251429
10800714.0	2472111.0	0.0005231443734251429
10486605.0	10352378.0	3.3456558347529086e-08
10800714.0	10352378.0	0.0034072183154720197
2281770.0	2365628.0	0.00043730406102849737
2363215.0	2365628.0	0.0008746124602993101
1931663.0	2281770.0	0.0008746137529210902
1931663.0	2365628.0	0.0013119178139495875
2363215.0	2365628.0	0.0008746124602993101
7218177.0	7256206.0	0.0018640303158619716
7166543.0	7256206.0	0.0018640303158619716
2185064.0	7256206.0	0.0018640303158619716
1153897.0	7256206.0	0.0018640303158619716
4121130.0	6782.0	0.0023059673288964855
1153897.0	6782.0	0.002882464238634214
2308559.0	6782.0	0.003458958759625653
2308559.0	4121130.0	0.001152991430729168
2308559.0	4353103.0	3.808127964442104e-10
2308559.0	1200279.0	0.0005764945209914392
4353103.0	6782.0	0.0034589583788128568
4353103.0	4121130.0	0.0011529910499163713
4353103.0	1200279.0	0.0005764941401786428
1200279.0	6782.0	0.002882464238634214
1200279.0	4121130.0	0.0005764969097377286
1872101.0	1491895.0	0.0018699433755032238
4909783.0	1491895.0	0.0012466296499747712
1099931.0	1668533.0	0.0009382448185559635
2950370.0	1668533.0	0.0009382448185559635
2048211.0	1668533.0	0.0029436710008062025
1137947.0	1048479.0	0.0008021708750737144
1137947.0	965051.0	0.0004010854784990098
2048211.0	965051.0	0.002406511660749249
965051.0	1048479.0	0.0004010853965747046
2048211.0	1048479.0	0.0028075970573239535
1414562.0	1687983.0	0.0011929127479834356
4357275.0	1687983.0	0.00178938550236776
3851580.0	1414562.0	0.0005964727543843243
3851580.0	1687983.0	0.00178938550236776
4357275.0	1687983.0	0.00178938550236776
3044080.0	1414562.0	0.0005964727543843243
3044080.0	1687983.0	0.00178938550236776
2373022.0	2780033.0	0.0004650584447824084
1576748.0	2780033.0	1.534476949422315e-09
1913729.0	1491895.0	0.0006089277263643339
2459296.0	2518525.0	0.0004407505580887979
2738734.0	2518525.0	0.0004407505580887979
2743057.0	2518525.0	0.0004407505580887979
1199649.0	2518525.0	0.0004407505580887979
5921745.0	1842959.0	0.0027126451660703507
2217373.0	671957.0	0.0014476917150756947
2387934.0	671957.0	0.0014476917150756947
1269091.0	671957.0	0.0009497913131290096
643761.0	42139.0	1.72447164241505e-09
1269091.0	42139.0	6.808867587262089e-09
6506673.0	42139.0	0.001997828257639965
6506673.0	42139.0	0.001997828257639965
1076413.0	42139.0	0.0004979072108142724
1906356.0	4327861.0	0.0017009586030333865
6819297.0	4327861.0	0.0025514389426423796
6819297.0	1906356.0	0.0008504803396089933
6819297.0	3272852.0	0.0008504803396089933
6819297.0	2038806.0	0.0008504803396089933
3272852.0	4327861.0	0.0017009586030333865
2038806.0	4327861.0	0.0017009586030333865
4613259.0	4327861.0	0.0017009586030333865
2649661.0	2662489.0	0.0011672840203861114
3210956.0	2662489.0	0.0011672840203861114
4015856.0	2662489.0	0.0011672840203861114
2508001.0	4015856.0	0.0005249356781866967
2508001.0	4048854.0	0.0005241776582000948
2508001.0	3909231.0	0.0005241753876054954
2508001.0	3577849.0	0.0005241683437992373
4048854.0	4015856.0	7.580199866019004e-07
4015856.0	4015856.0	0.0005249356781866967
3909231.0	4015856.0	7.602905812012853e-07
3909231.0	4048854.0	2.2705945993848828e-09
4015856.0	4048854.0	0.0005241776582000948
2353324.0	4015856.0	0.0005249356781866967
2353324.0	4048854.0	0.0005241776582000948
2353324.0	3909231.0	0.0005241753876054954
2353324.0	3577849.0	0.0005241683437992373
3577849.0	4015856.0	7.673343874593872e-07
3577849.0	4048854.0	9.314400857486811e-09
3577849.0	3909231.0	7.043806258101928e-09
4015856.0	3909231.0	0.0005241753876054954
1154350.0	2487009.0	0.0009723078018684239
5669569.0	6011798.0	0.0007497555031587837
5669569.0	295783.0	0.0007497555031587837
1938889.0	4404344.0	0.0011605463824950438
1535286.0	4404344.0	0.004588855224549899
3612353.0	1938889.0	1.5418532295276982e-07
3612353.0	4404344.0	0.0011607005678179966
1535286.0	4404344.0	0.004588855224549899
4733959.0	1938889.0	2.5018220921649813e-07
4733959.0	3612353.0	9.59968862637283e-08
4733959.0	4404344.0	0.0011607965647042603
1535286.0	4404344.0	0.004588855224549899
1535286.0	4404344.0	0.004588855224549899
587543.0	1938889.0	0.0011664045836900724
587543.0	3612353.0	0.0011662503983671196
587543.0	4733959.0	0.001166154401480856
587543.0	4404344.0	0.0023269509661851162
1535286.0	4404344.0	0.004588855224549899
2026043.0	1938889.0	0.0011664045836900724
2026043.0	3612353.0	0.0011662503983671196
2026043.0	4733959.0	0.001166154401480856
2026043.0	4404344.0	0.0023269509661851162
1535286.0	4404344.0	0.004588855224549899
3078580.0	4404344.0	0.0023269509661851162
2731272.0	3859027.0	0.0010582550806824073
2731272.0	3859027.0	0.0005291286615388286
5126032.0	1059101.0	0.0006498193725898421
5126032.0	1059101.0	4.4425515982951524e-09
3527537.0	1059101.0	0.0006498193725898421
7247090.0	1924235.0	0.0009320592159647441
7247090.0	5336818.0	0.0009320592159647441
30945.0	4281779.0	0.001365655189081951
7852240.0	4281779.0	1.2583368423310128e-07
3580410.0	295783.0	0.0007023047587857601
6686766.0	6559156.0	0.0008905460011155533
6686766.0	286692.0	0.0008904576429169686
6887084.0	6559156.0	0.0008905460011155533
6887084.0	286692.0	0.0008904576429169686
286692.0	6559156.0	8.835819858470182e-08
2610750.0	6559156.0	0.0004289415759138512
288387.0	3255164.0	1.5599873786579697e-05
2610750.0	3255164.0	1.560988672715349e-05
3910124.0	3255164.0	0.001577073017271453
3993662.0	74757.0	0.0005499294611791732
3910124.0	74757.0	0.0027496477819322065
2939942.0	74757.0	0.0016497890765896088
4183947.0	7620406.0	1.7842694032335626e-10
7620082.0	7620406.0	0.0019631645580516343
4972832.0	4183947.0	0.0009815830596419815
4972832.0	7620406.0	0.0009815832380689218
7620082.0	7620406.0	0.0019631645580516343
2347438.0	4183947.0	0.0009815830596419815
2347438.0	7620406.0	0.0009815832380689218
7620082.0	7620406.0	0.0019631645580516343
7620082.0	7620406.0	0.0019631645580516343
2107544.0	7620406.0	0.0009815832380689218
1798341.0	14104.0	0.0020837558630540246
1798341.0	295783.0	0.00041675350646412364
2107544.0	295783.0	0.0012502567804008537
295783.0	14104.0	0.0016670023565899012
2107544.0	14104.0	0.002917259136990755
956.0	388916.0	0.0006464067118051517
956.0	517066.0	0.0003232014178234549
517066.0	388916.0	0.00032320529398169675
5632544.0	328193.0	0.0019206975554924405
6936310.0	328193.0	0.0019206776374212408
535480.0	27073.0	0.0009377056285831665
561731.0	27073.0	0.0003125689114939936
2529129.0	27073.0	0.00048075137015079784
14104.0	1714715.0	5.075189651133558e-10
2529129.0	1714715.0	0.0004569558438230755
1707106.0	42139.0	0.002344022878601217
1707106.0	42139.0	0.0017580273575157459
3814749.0	42139.0	0.002344022878601217
3895316.0	507629.0	0.0005254728371853684
1672767.0	507629.0	0.0005254728371853684
1484479.0	507629.0	0.0005254728371853684
2372160.0	507629.0	0.0005254728371853684
10613463.0	11301415.0	0.007162099980417743
2873357.0	11301415.0	0.0
1984566.0	1631551.0	3.98986400672709e-09
2873357.0	1631551.0	0.00044664861177813933
1501051.0	2285881.0	2.6239377343010087e-09
1501051.0	3383213.0	2.4548210396401794e-09
1501051.0	1989820.0	2.185291555025816e-09
1501051.0	82548.0	1.3978444104805442e-09
1501051.0	2306509.0	3.5408457811853325e-10
1501051.0	3239837.0	3.0387852390650893e-10
1501051.0	3373399.0	1.638301126705155e-10
1501051.0	1571284.0	3.4351465899237765e-11
3424886.0	1571284.0	5.971863197636214e-10
3424886.0	1571284.0	5.971863197636214e-10
3383213.0	2285881.0	1.6911669466082926e-10
3424886.0	2285881.0	3.1867725881653923e-09
1989820.0	2285881.0	4.386461792751928e-10
1989820.0	3383213.0	2.695294846143635e-10
3424886.0	3383213.0	3.017655893504563e-09
82548.0	2285881.0	1.2260933238204645e-09
82548.0	3383213.0	1.0569766291596353e-09
82548.0	1989820.0	7.874471445452717e-10
3424886.0	1989820.0	2.7481264088901995e-09
2306509.0	2285881.0	2.2698531561824754e-09
2306509.0	3383213.0	2.100736461521646e-09
2306509.0	1989820.0	1.8312069769072827e-09
2306509.0	82548.0	1.043759832362011e-09
3424886.0	82548.0	1.9606792643449278e-09
3239837.0	2285881.0	2.3200592103944997e-09
3239837.0	3383213.0	2.1509425157336705e-09
3239837.0	1989820.0	1.881413031119307e-09
3239837.0	82548.0	1.0939658865740352e-09
3239837.0	2306509.0	5.0206054212024315e-11
3424886.0	2306509.0	9.169194319829169e-10
3373399.0	2285881.0	2.460107621630493e-09
3373399.0	3383213.0	2.290990926969664e-09
3373399.0	1989820.0	2.0214614423553004e-09
3373399.0	82548.0	1.2340142978100287e-09
3373399.0	2306509.0	1.9025446544801775e-10
3373399.0	3239837.0	1.4004841123599343e-10
3424886.0	3239837.0	8.667133777708926e-10
1571284.0	2285881.0	2.589586268401771e-09
1571284.0	3383213.0	2.4204695737409417e-09
1571284.0	1989820.0	2.150940089126578e-09
1571284.0	82548.0	1.3634929445813064e-09
1571284.0	2306509.0	3.197331122192955e-10
1571284.0	3239837.0	2.6952705800727117e-10
1571284.0	3373399.0	1.2947864677127774e-10
3424886.0	3373399.0	7.266649665348991e-10
5966368.0	3373399.0	0.00047781300485225396
3103795.0	3324457.0	0.0009427378469692624
1391499.0	3324457.0	0.0004713700035659301
2020565.0	111757.0	0.010090642091193857
2020565.0	1758031.0	0.00026154685151777
3011111.0	2020565.0	0.0014199757123675182
3011111.0	111757.0	0.011510617803561374
3011111.0	1758031.0	0.0016815225638852883
1758031.0	1758031.0	-0.0004390011574028044
1758031.0	111757.0	0.009829095239676088
593958.0	2020565.0	0.0019366248641346493
593958.0	3011111.0	0.0005166491517671311
593958.0	111757.0	0.012027266955328506
593958.0	1758031.0	0.0021981717156524193
2065039.0	1906356.0	6.935170349456343e-09
4428307.0	1906356.0	0.0006807547014966461
4428307.0	1906356.0	0.0006807547014966461
3615504.0	2065039.0	0.0013614919873073874
3615504.0	1906356.0	0.0013614989224777368
3153485.0	1834828.0	0.0005650398838487546
1010878.0	1834828.0	0.0005650398838487546
4532115.0	1834828.0	0.0005650398838487546
8377234.0	1834828.0	0.0030501774895812196
8377234.0	1834828.0	0.0030501774895812196
4013918.0	1834828.0	0.0012876829208785206
4013918.0	1834828.0	0.0012876829208785206
3851580.0	519413.0	0.0005945951252249599
4311373.0	519413.0	0.0011919756697755604
3117422.0	3851580.0	0.0005973805445506005
3117422.0	2853243.0	0.0005959926367245145
3117422.0	519413.0	0.0011919756697755604
2853243.0	3851580.0	1.3879078260859443e-06
2853243.0	519413.0	0.0005959830330510459
4311373.0	519413.0	0.0011919756697755604
3377868.0	3851580.0	0.0005973805445506005
3377868.0	2853243.0	0.0005959926367245145
3377868.0	519413.0	0.0011919756697755604
4311373.0	519413.0	0.0011919756697755604
2500658.0	3851580.0	0.0005973805445506005
2500658.0	2853243.0	0.0005959926367245145
2500658.0	519413.0	0.0011919756697755604
4700322.0	1887566.0	0.0017436248320263769
5045104.0	1887566.0	0.0017436248320263769
2360111.0	1887566.0	0.0017436248320263769
4003921.0	4025071.0	0.0006288223384147824
2360111.0	4025071.0	0.0012576484479751488
912450.0	4025071.0	0.0018864709374288055
912450.0	4003921.0	0.001257648599014023
986160.0	3993662.0	3.3660551815480055e-09
4174080.0	3993662.0	4.060998661480075e-09
1447509.0	986160.0	0.0005334462528361081
1447509.0	3993662.0	0.0005334496188912896
1315498.0	986160.0	0.0005334462528361081
1315498.0	3993662.0	0.0005334496188912896
4174080.0	3993662.0	4.060998661480075e-09
2861388.0	6918854.0	0.0017134929969807168
2861388.0	1779433.0	0.0025756533981457553
6918854.0	1779433.0	0.0008621604011650385
1310540.0	2861388.0	0.0017400996340909416
1310540.0	6918854.0	0.0034535926310716586
1310540.0	1779433.0	0.004315753032236697
3565885.0	2861388.0	0.001740173741071861
3565885.0	6918854.0	0.0034536667380525776
3565885.0	1310540.0	7.410698091942988e-08
3565885.0	1779433.0	0.004315827139217616
6919661.0	2861388.0	0.002604983184247486
6919661.0	6918854.0	0.0043184761812282025
6919661.0	1310540.0	0.0008648835501565443
6919661.0	1779433.0	0.005180636582393241
6919661.0	3565885.0	0.0008648094431756249
350685.0	3565885.0	0.0017262728129274066
567131.0	3219634.0	1.7421685327007053e-09
350685.0	3219634.0	0.0004779253183299782
3702602.0	3219634.0	0.0004779253183299782
2382134.0	2382134.0	4.6027648001583515e-09
3702602.0	2382134.0	0.0004998005513462507
1023618.0	2382134.0	9.572614769436105e-09
1023618.0	2382134.0	4.969849969277754e-09
3702602.0	2382134.0	0.0004997959485814505
1928179.0	1324.0	0.0005103846259384309
3882672.0	1324.0	0.0010207749442148748
3882672.0	1324.0	0.0010207749442148748
8259605.0	1324.0	-0.0013609942020904344
2595012.0	5043552.0	0.0035726886332748922
659187.0	546779.0	0.00032345016993303973
273792.0	546779.0	0.00032345016993303973
223456.0	546779.0	0.00032345016993303973
6738000.0	546779.0	0.004999097183965505
1552587.0	6331369.0	0.002337830370438401
6738000.0	6331369.0	0.004675647014032466
3385827.0	3055401.0	0.0006646813569934727
2215486.0	3055401.0	0.0006646813569934727
1059101.0	3161993.0	5.5075258869555915e-09
3020992.0	400654.0	0.003168590472430506
2001485.0	400654.0	0.0027159255656622884
743290.0	3639777.0	0.004875598329464158
4723536.0	3639777.0	0.004875598329464158
2438423.0	3639777.0	0.004875598329464158
10383360.0	3639777.0	0.004875598329464158
10058421.0	3639777.0	0.004875598329464158
1110859.0	3639777.0	0.004875598329464158
93169.0	519413.0	0.0007257496732801574
1417075.0	519413.0	9.723442738907712e-10
1880380.0	3391783.0	0.0005206705234776556
1880380.0	982454.0	0.0005206691648545248
2787782.0	982454.0	0.0005206691648545248
982454.0	3391783.0	1.358623130881878e-09
2787782.0	3391783.0	0.0005206705234776556
2608855.0	3391783.0	0.0005206705234776556
553609.0	2595406.0	1.5921685971053735e-09
2608855.0	2595406.0	0.00042942051613145454
5464316.0	2595406.0	-0.00023301404747076726
5168153.0	1173776.0	0.001324905990824351
5168153.0	3523827.0	1.2291098778951376e-09
5464316.0	3523827.0	2.991503272853878e-09
3523827.0	1173776.0	0.0013249047617144732
5464316.0	1173776.0	0.0013249077532177462
242098.0	1173776.0	0.001987342316819968
242098.0	5168153.0	0.0006624363259956168
242098.0	3523827.0	0.0006624375551054947
6760485.0	3523827.0	0.0016892877875676552
6760485.0	3523827.0	0.0016892877875676552
3745260.0	3523827.0	0.0006624375551054947
2137417.0	4621142.0	0.0006494967882611591
3745260.0	4621142.0	0.0012989904712887358
886926.0	4621142.0	0.0006494976915096506
886926.0	2137417.0	9.032484915181757e-10
3745260.0	2137417.0	0.0006494936830275767
3721822.0	2137417.0	0.0006494936830275767
4364303.0	3385827.0	1.48717207960284e-09
3721822.0	3385827.0	0.0005544340886853239
2595012.0	1583522.0	0.001708127340375027
5765887.0	1583522.0	0.001708127340375027
9735475.0	1583522.0	0.001708127340375027
1680415.0	1583522.0	0.001708127340375027
2300747.0	1712580.0	0.0013836448575774618
2610750.0	1712580.0	0.0009224282177385939
8532047.0	1712580.0	0.0021218405063588215
8532047.0	1712580.0	0.0021218405063588215
8532047.0	1712580.0	0.0021218405063588215
8532047.0	1712580.0	0.0021218405063588215
2674710.0	1712580.0	0.00028165784069045805
4998045.0	1524676.0	0.0006407858598579383
2674710.0	1524676.0	0.0006407898231843952
3603681.0	7820028.0	0.0029008831122651693
7166750.0	7820028.0	0.004357810545999934
6862608.0	3603681.0	8.477016385168186e-07
6862608.0	7820028.0	0.002901730813903686
7166750.0	7820028.0	0.004357810545999934
3603681.0	3603681.0	4.305821506824176e-06
3603681.0	6862608.0	3.4581198683073574e-06
3603681.0	7820028.0	0.0029051889337719933
7166750.0	7820028.0	0.004357810545999934
7166750.0	7820028.0	0.004357810545999934
2715338.0	7820028.0	0.004357810545999934
326804.0	4317297.0	0.0010912856811864842
3391783.0	4317297.0	0.0010912856811864842
10909240.0	4317297.0	0.006050041925890609
2894798.0	10456357.0	0.004959685061780909
10909240.0	10456357.0	0.009918441306485034
510167.0	10456357.0	0.004959685061780909
4036091.0	6651114.0	0.001633517619146094
510167.0	6651114.0	0.00245028662061716
2483271.0	6651114.0	0.0016335242438811843
2483271.0	4036091.0	6.624735090143483e-09
510167.0	4036091.0	0.000816769001471066
5149448.0	1496715.0	0.0013894281727428923
3816700.0	4891828.0	0.002426227785317117
3816700.0	3681236.0	0.0024262272175532744
3816700.0	2602732.0	0.0024262270131584864
6626394.0	2602732.0	2.48300991551563e-09
3681236.0	4891828.0	5.677638423426043e-10
6626394.0	4891828.0	3.2551685459538543e-09
2602732.0	4891828.0	7.721586304382244e-10
2602732.0	3681236.0	2.0439478809562012e-10
6626394.0	3681236.0	2.68740470361125e-09
1683134.0	1491895.0	0.001378986438866029
1849060.0	1491895.0	2.501719331476568e-09
9071534.0	8510838.0	0.0013888431441919518
9071534.0	1906356.0	0.001387414872959613
9071534.0	4807311.0	0.0013874183039598172
1906356.0	8510838.0	1.4282712323388218e-06
1906356.0	4807311.0	3.4310002042150373e-09
4807311.0	8510838.0	1.4248402321346068e-06
4984174.0	2295549.0	0.0012333389948030655
11635033.0	3169577.0	0.0008292437415318356
5921745.0	3169577.0	0.0008292437415318356
3185267.0	3169577.0	0.0008292437415318356
5286817.0	3169577.0	0.0008292437415318356
5286817.0	1221193.0	0.00203401711670091
1361404.0	306323.0	0.00048445701541116246
14104.0	306323.0	0.00048445701541116246
4332216.0	519413.0	0.001461401439038677
6054234.0	519413.0	7.841984241661881e-09
5165738.0	4332216.0	2.2246894940385759e-10
5165738.0	519413.0	0.0014614016615076262
3048405.0	1343690.0	0.0004539390631505806
2837067.0	1343690.0	0.0009078933717430209
1929676.0	3048405.0	1.2688811940183772e-09
1929676.0	1343690.0	0.00045394033203177464
2837067.0	1343690.0	0.0009078933717430209
2837067.0	1343690.0	0.0009078933717430209
1947652.0	3048405.0	7.854069846422763e-09
1947652.0	1929676.0	6.585188652404386e-09
1947652.0	1343690.0	0.00045394691722042705
1947652.0	980869.0	3.3009182026210587e-09
1947652.0	2067159.0	8.109147635608667e-10
2837067.0	2067159.0	0.00045394726543735743
980869.0	3048405.0	4.553151643801705e-09
980869.0	1929676.0	3.2842704497833275e-09
980869.0	1343690.0	0.0004539436163022244
2837067.0	1343690.0	0.0009078933717430209
2067159.0	3048405.0	7.043155082861897e-09
2067159.0	1929676.0	5.7742738888435195e-09
2067159.0	1343690.0	0.0004539461063056635
2067159.0	980869.0	2.490003439060192e-09
2837067.0	980869.0	0.0004539497554407965
1096685.0	980869.0	0.0004539497554407965
41967.0	45433.0	0.001340050601835697
28324.0	45433.0	0.0002680273125972247
4465.0	45433.0	0.001340050601835697
41967.0	45433.0	0.001340050601835697
150463.0	45433.0	0.001340050601835697
161832.0	45433.0	0.001340050601835697
46460.0	45433.0	0.001340050601835697
1902010.0	45433.0	0.001340050601835697
591097.0	2236241.0	0.0005178320533159033
3859027.0	2236241.0	0.0005178320533159033
2586071.0	2236241.0	0.0005178320533159033
1117987.0	2236241.0	0.0005178320533159033
3085310.0	2741296.0	0.0004741736571460523
3085310.0	2967572.0	0.0009483443997007014
3373667.0	2967572.0	0.0014225172553334804
2741296.0	2967572.0	0.00047417074255464906
3373667.0	2967572.0	0.0014225172553334804
3373667.0	2967572.0	0.0014225172553334804
3465981.0	2967572.0	0.0019020549012225179
3465981.0	2967572.0	0.0019020549012225179
3033864.0	1414562.0	0.0008400445709387855
2106799.0	1414562.0	0.0008400445709387855
2435432.0	1414562.0	0.0008400445709387855
834018.0	1414562.0	0.0008400445709387855
1933215.0	1414562.0	0.00042002318185426456
879197.0	3033864.0	0.0004200220710717518
879197.0	2106799.0	0.0004200220710717518
879197.0	2435432.0	0.0004200220710717518
879197.0	834018.0	0.0004200220710717518
879197.0	1414562.0	0.0012600666420105374
2877123.0	1414562.0	0.0034864744635334753
2645713.0	2217859.0	0.0026464647083583857
2877123.0	2217859.0	0.005292894600953075
4799536.0	2217859.0	0.0026464647083583857
2877123.0	2217859.0	0.005292894600953075
6171527.0	2217859.0	0.0018864524638110218
2567357.0	6243718.0	0.0007600294531581469
2628903.0	6243718.0	0.0015200463708292642
2628903.0	2567357.0	0.0007600169176711172
10569498.0	2567357.0	0.012618326972399098
4346951.0	19068.0	0.0007203026233733714
5912608.0	19068.0	0.0007203026233733714
1306385.0	1627410.0	0.0004068721248881986
4381603.0	1381602.0	0.0012806602423817625
6395838.0	1381602.0	0.0012806602423817625
1822698.0	415668.0	0.0007830372953609123
6395838.0	415668.0	0.0015660745197556992
1945184.0	1540328.0	0.0003948234298679108
1924484.0	1540328.0	0.0015792906234196897
1931641.0	1540328.0	0.0003948234298679108
1924484.0	1540328.0	0.0015792906234196897
1924484.0	1540328.0	0.0015792906234196897
992151.0	1540328.0	0.0003948234298679108
1924484.0	1540328.0	0.0015792906234196897
1482542.0	1540328.0	0.0003948234298679108
781251.0	2588457.0	0.0022910746249900507
2602732.0	2588457.0	0.0022910746249900507
3097744.0	2588457.0	0.0018328603634092569
1734080.0	1175966.0	0.0003820115417037172
997907.0	1175966.0	0.0003820115417037172
2435004.0	1402929.0	0.0004202496537631061
2435004.0	965051.0	0.0008404303004712034
1402929.0	965051.0	0.00042018064670809737
2435004.0	965051.0	0.0008404303004712034
2435004.0	965051.0	0.0008404303004712034
2422796.0	1402929.0	0.0004202496537631061
2422796.0	965051.0	0.0008404303004712034
3900153.0	462627.0	0.0006942634571580194
3109207.0	462627.0	-0.0011885126949785275
280842.0	383904.0	0.0005942756153396824
1647390.0	383904.0	0.001188536156403242
201078.0	4420893.0	1.507032268150809e-08
1647390.0	4420893.0	0.0006213198709804261
4701699.0	4420893.0	0.0006213198709804261
4701699.0	201078.0	0.0006213048006577446
4721675.0	201078.0	0.0006213048006577446
3717181.0	3441954.0	0.0010026855961084676
3717181.0	1201642.0	1.914173863902871e-09
3717181.0	1011527.0	1.0065403608251061e-09
2102381.0	1011527.0	0.0005013448256731668
2102381.0	1011527.0	0.0005013448256731668
1201642.0	3441954.0	0.0010026836819346037
2102381.0	3441954.0	0.0015040294152412737
1011527.0	3441954.0	0.0010026845895681068
1011527.0	1201642.0	9.076335030777649e-10
2102381.0	1201642.0	0.0005013457333066699
1842959.0	4488327.0	1.1990764741797583e-09
4993010.0	4488327.0	6.4913469382740785e-09
4993010.0	4488327.0	6.4913469382740785e-09
2888829.0	1221792.0	0.0006127813336451171
2888829.0	519413.0	0.0018383439357442144
1221792.0	519413.0	0.0012255626020990973
4558489.0	519413.0	0.0012255638885348805
4558489.0	519413.0	0.0012255638885348805
1530657.0	2533926.0	0.00043426724859022946
1530657.0	1343690.0	0.0004342647079002022
2698507.0	1343690.0	0.000434266901534917
2698507.0	1343690.0	0.000434266901534917
726938.0	1530657.0	0.000434267135087828
726938.0	2533926.0	0.0008685343836780574
726938.0	1343690.0	0.0008685318429880302
278996.0	1530657.0	0.00043426737955259585
278996.0	2533926.0	0.0008685346281428253
278996.0	726938.0	2.444647678734313e-10
278996.0	1343690.0	0.000868532087452798
1343690.0	2533926.0	2.540690027287573e-09
2698507.0	2533926.0	0.0004342694422249443
2334352.0	2533926.0	0.0017370668465588452
1206267.0	543770.0	0.0005546330360476509
4400344.0	543770.0	0.0005546330360476509
3308529.0	543770.0	0.0005546330360476509
2224331.0	5506010.0	4.763861455921864e-09
4919737.0	5506010.0	0.000674024880984335
4919737.0	5506010.0	0.000674024880984335
5889716.0	5506010.0	0.0013017537255839752
3623892.0	5737654.0	3.566659334758651e-08
5889716.0	5737654.0	4.047671895216192e-08
1566517.0	5737654.0	3.6405231042431485e-08
1566517.0	3623892.0	7.386376948449735e-10
5889716.0	3623892.0	4.810125604575409e-09
3188067.0	3623892.0	0.0011838377336215317
3188067.0	3623892.0	0.0011838377336215317
2150483.0	995579.0	0.0009650195332249137
2150483.0	1253312.0	0.0009650194200506405
1860772.0	995579.0	0.0009650195332249137
1860772.0	1253312.0	0.0009650194200506405
1253312.0	995579.0	1.1317427312147743e-10
2763154.0	995579.0	-0.0003281587589546007
2776270.0	42139.0	0.0015403533904618113
2753864.0	42139.0	0.0010269035326955808
815386.0	1046010.0	0.0015416037418523433
495248.0	1046010.0	0.0015416050759109686
495248.0	1046010.0	0.0015416050759109686
1015448.0	815386.0	0.0007708041513768197
1015448.0	1046010.0	0.0023124078932291628
1015448.0	733287.0	0.0007708037731633847
1015448.0	1083946.0	2.9053629397061617e-10
733287.0	815386.0	3.782134349087328e-10
733287.0	1046010.0	0.0015416041200657783
495248.0	1046010.0	0.0015416050759109686
1083946.0	815386.0	0.0007708038608405256
1083946.0	1046010.0	0.002312407602692869
1083946.0	733287.0	0.0007708034826270907
462627.0	1668533.0	0.00051294756549509
2391964.0	1668533.0	0.0010258951918964883
2391964.0	1668533.0	0.0010258951918964883
4456012.0	1668533.0	-0.0012074643607033325
1405921.0	733287.0	0.002791715966135937
2465787.0	733287.0	0.002791715966135937
3189239.0	2333214.0	0.0004826824515139046
2465787.0	2333214.0	0.0009653640670979415
1875256.0	2333214.0	0.0004826825378033492
1875256.0	3189239.0	8.628944455670029e-11
1875256.0	956397.0	1.887581334725913e-11
2465787.0	956397.0	0.00048268154817040566
956397.0	2333214.0	0.00048268251892753583
956397.0	3189239.0	6.741363120944116e-11
2465787.0	3189239.0	0.00048268161558403687
1719752.0	2333214.0	0.0009653640670979415
1719752.0	3189239.0	0.00048268161558403687
1719752.0	1875256.0	0.0004826815292945923
1719752.0	956397.0	0.00048268154817040566
3085310.0	2333214.0	0.0009653640670979415
3085310.0	3189239.0	0.00048268161558403687
3085310.0	1875256.0	0.0004826815292945923
3085310.0	956397.0	0.00048268154817040566
1826691.0	147992.0	0.0006283401730871452
631771.0	147992.0	0.0006283401730871452
636065.0	147992.0	0.00031417083138270737
115563.0	147992.0	0.0006283401730871452
183471.0	147992.0	0.0006283401730871452
6111360.0	350048.0	4.880812375790411e-08
2696460.0	350048.0	-0.0010984231797384176
3698937.0	2885137.0	0.0005784605747532644
2696460.0	2885137.0	0.001156919081400908
4659374.0	2885137.0	0.001156919081400908
4659374.0	3698937.0	0.0005784585066476434
2618725.0	2885137.0	0.001156919081400908
2618725.0	3698937.0	0.0005784585066476434
2928293.0	2885137.0	0.001156919081400908
2928293.0	3698937.0	0.0005784585066476434
4037707.0	1428679.0	0.003695229319539935
4037707.0	1631190.0	0.001231743378694642
973552.0	1428679.0	0.003695229319539935
973552.0	1631190.0	0.001231743378694642
1631190.0	1428679.0	0.002463485940845293
247674.0	1578925.0	0.0003745069885948328
1609430.0	1578925.0	0.0003745069885948328
1409399.0	1578925.0	0.0003745069885948328
959664.0	397861.0	0.0026054614931654133
959664.0	1403814.0	0.00037220879275524156
1403814.0	397861.0	0.002233252700410172
1409399.0	397861.0	0.0026054614931654133
1124578.0	397861.0	0.0026054614931654133
1124578.0	1403814.0	0.00037220879275524156
1430648.0	397861.0	0.0026054614931654133
1430648.0	1403814.0	0.00037220879275524156
1013219.0	1206267.0	0.004167740999972563
3747630.0	1172798.0	0.0007030509075344035
5661795.0	1172798.0	0.0007030509075344035
2649661.0	1172798.0	0.0007030509075344035
5686794.0	1172798.0	0.0007030509075344035
2503750.0	1172798.0	0.0007030509075344035
1817690.0	2310289.0	0.0004568328876618123
1453833.0	1561269.0	0.0013721995590922403
3093731.0	1561269.0	0.0013721995590922403
2677022.0	1561269.0	0.0013721995590922403
3511346.0	1561269.0	0.0013721995590922403
634286.0	3367903.0	5.018849413081401e-08
3511346.0	3367903.0	0.0005287272218261626
1415032.0	3367903.0	0.0017332076886307187
1415032.0	3367903.0	0.0017332076886307187
6679425.0	3367903.0	0.0005287272218261626
2280505.0	1906356.0	8.488684539878846e-08
6679425.0	1906356.0	0.0016978006600396156
2280128.0	1906356.0	0.0016978006600396156
673125.0	2292736.0	0.00041312532640146366
2320202.0	2292736.0	0.00041312532640146366
1414562.0	2292736.0	0.00041312532640146366
5104748.0	1586174.0	0.00528621310640353
7402075.0	1586174.0	0.005286338119837633
5180406.0	5104748.0	0.0026432652065934525
5180406.0	1586174.0	0.007929478312996983
7402075.0	1586174.0	0.005286338119837633
5432990.0	1586174.0	0.007929478312996983
3165829.0	1179287.0	0.0006964938549881053
1366847.0	1179287.0	0.0020649579534687884
1076753.0	400654.0	0.0013684796394163145
1366847.0	400654.0	0.0027369437378969973
4907374.0	400654.0	0.002645724518504737
4907374.0	400654.0	0.002645724518504737
1300892.0	4531787.0	0.0021720374252087887
4925067.0	4531787.0	0.0007240232708212099
1928362.0	4531787.0	0.0020292218550215023
995579.0	118068.0	0.0004281635264326784
1529853.0	995579.0	0.0008563301910353557
1529853.0	118068.0	0.001284493717468034
2508465.0	118068.0	1.052418757392995e-09
1301994.0	965051.0	0.000537500893086372
591776.0	965051.0	0.00021740507887919478
217588.0	782773.0	2.376576265234213e-06
591776.0	782773.0	0.00032247269643347445
4729881.0	782773.0	0.0006425685106406517
5805623.0	4813148.0	0.001427565830694583
4705221.0	4813148.0	0.001427565830694583
6811846.0	4813148.0	0.001427565830694583
4452553.0	1175966.0	8.076406195082e-09
6811846.0	1175966.0	0.0008620554188210405
5921745.0	1175966.0	8.661273184773499e-09
5921745.0	4452553.0	5.848669896914988e-10
6811846.0	4452553.0	0.0008620473424148454
5667029.0	4452553.0	0.00017760696299941488
5615145.0	1906356.0	7.634978708179023e-09
5667029.0	1906356.0	4.138301455095146e-08
4688597.0	1906356.0	1.5486682568505508e-08
4688597.0	5615145.0	7.851703860326485e-09
5667029.0	5615145.0	3.374803584277244e-08
1573683.0	235710.0	0.0008207510177294267
1690461.0	235710.0	0.0008207510177294267
3389375.0	3540688.0	0.00048762860834182905
3389375.0	3540688.0	1.8163809121607248e-09
3543875.0	3540688.0	0.00048762860834182905
2637317.0	3540688.0	0.00048762860834182905
795995.0	1317805.0	0.0004303569767616463
795995.0	1414562.0	0.00043035682242241035
2637317.0	1414562.0	0.0008607137734608468
23051.0	1317805.0	0.00043035700891565524
23051.0	795995.0	3.215400894759218e-11
23051.0	1414562.0	0.0004303568545764193
2637317.0	1414562.0	0.0008607137734608468
1414562.0	1317805.0	1.5433923594449644e-10
2637317.0	1317805.0	0.0008607139278000828
6368873.0	3464777.0	0.0007760782296007586
6368873.0	3983973.0	0.0007760782296007586
6368873.0	1306343.0	0.0007760782296007586
6368873.0	811240.0	0.0007760782296007586
8377234.0	811240.0	0.0
8675093.0	5947043.0	3.6539721985986984e-09
8377234.0	5947043.0	0.0012409754769284896
1905624.0	2008111.0	0.0014000893312409684
1544977.0	2008111.0	0.0018667836608069683
1544977.0	1905624.0	0.0004666943295659998
1544977.0	686490.0	0.00046669420856403266
1544977.0	3202149.0	0.0004666934901161453
1544977.0	2814611.0	0.00046669305652761344
686490.0	2008111.0	0.0014000894522429356
686490.0	1905624.0	1.210019671266105e-10
505216.0	2008111.0	0.0018667836608069683
505216.0	1905624.0	0.0004666943295659998
505216.0	686490.0	0.00046669420856403266
505216.0	3202149.0	0.0004666934901161453
505216.0	2814611.0	0.00046669305652761344
3202149.0	2008111.0	0.001400090170690823
3202149.0	1905624.0	8.394498544634504e-10
3202149.0	686490.0	7.1844788733684e-10
2814611.0	2008111.0	0.001400090604279355
2814611.0	1905624.0	1.2730383863496404e-09
2814611.0	686490.0	1.15203641922303e-09
2814611.0	3202149.0	4.3358853188619e-10
679006.0	1712287.0	0.0011677504470597386
2750979.0	1712287.0	0.002919371323611702
2382743.0	1712287.0	0.0011677504470597386
2750979.0	1712287.0	0.002919371323611702
2750979.0	1712287.0	0.002919371323611702
2360229.0	1712287.0	0.0011677504470597386
5282836.0	2360229.0	2.5214515074608798e-08
2360229.0	2360229.0	0.0012161448642321127
6787580.0	96944.0	5.7468749908554714e-05
6787580.0	1306401.0	0.005729069480326222
96944.0	1306401.0	0.005671600730417668
359226.0	6787580.0	0.00075277663416979
359226.0	96944.0	0.0008102453840783447
359226.0	1306401.0	0.006481846114496012
521631.0	6787580.0	0.00237324052769954
521631.0	96944.0	0.0024307092776080946
521631.0	359226.0	0.00162046389352975
521631.0	1306401.0	0.008102310008025762
521631.0	118068.0	0.0016204609074821
1834618.0	118068.0	-0.004051150460364781
118068.0	6787580.0	0.0007527796202174398
118068.0	96944.0	0.0008102483701259945
118068.0	359226.0	2.9860476498128757e-09
118068.0	1306401.0	0.0064818491005436615
476074.0	1707160.0	0.0015493701977199266
476074.0	189431.0	0.0011617719157283135
476074.0	1529853.0	2.1441995770067612e-10
189431.0	1707160.0	0.00038759828199161307
1529853.0	1707160.0	0.0015493699832999689
1529853.0	189431.0	0.0011617717013083558
2887034.0	1239808.0	0.0071417805227835685
557702.0	2887034.0	0.00044635825604126805
557702.0	1239808.0	0.007588138778824837
829533.0	2887034.0	0.0008927220695574316
829533.0	557702.0	0.0004463638135161636
829533.0	1239808.0	0.008034502592341
189134.0	2887034.0	0.0008927221064534872
189134.0	557702.0	0.00044636385041221913
189134.0	829533.0	3.689605554673542e-11
189134.0	1239808.0	0.008034502629237055
853360.0	2887034.0	0.000892722134125527
853360.0	557702.0	0.0004463638780842589
853360.0	829533.0	6.456809533653823e-11
853360.0	189134.0	2.7672039789802816e-11
853360.0	1239808.0	0.008034502656909095
2842425.0	2887034.0	0.0008927222448136687
2842425.0	557702.0	0.0004463639887724006
2842425.0	829533.0	1.7525623704009452e-10
2842425.0	189134.0	1.383601814933591e-10
2842425.0	853360.0	1.1068814170355629e-10
2842425.0	1239808.0	0.008034502767597236
1109988.0	2887034.0	0.0008927224477418571
1109988.0	557702.0	0.0004463641917005891
1109988.0	829533.0	3.781844255075148e-10
1109988.0	189134.0	3.412883699607794e-10
1109988.0	853360.0	3.1361633017097656e-10
1109988.0	2842425.0	2.0292818846742028e-10
1109988.0	1239808.0	0.008034502970525426
2885137.0	1239808.0	0.002231811757520793
7583481.0	1239808.0	0.009912735673434533
2281770.0	14104.0	0.0004425426289664149
2281770.0	2775931.0	0.0004425419058862407
2722799.0	2775931.0	0.0004425419058862407
2775931.0	14104.0	7.230801741869505e-10
2722799.0	14104.0	0.0004425426289664149
1788218.0	14104.0	0.0004425426289664149
1788218.0	2775931.0	0.0004425419058862407
3385827.0	1476529.0	0.000593040741190848
2553747.0	1476529.0	1.2455920613517468e-09
2889104.0	1476529.0	0.0001451978487006504
965834.0	3674329.0	0.03200280959205778
12315192.0	3674329.0	0.03200280959205778
3129498.0	3674329.0	0.03200280959205778
897320.0	295783.0	0.0009333220675911
3129498.0	295783.0	0.0018666487528004672
916535.0	1306385.0	0.0003682885612401495
1502541.0	1306385.0	0.0007365762778950352
1502541.0	1306385.0	0.0007365762778950352
8454443.0	1306385.0	0.0007365762778950352
12213212.0	9825123.0	1.025619020266974e-05
8454443.0	9825123.0	0.01732500008869508
6835349.0	4532316.0	0.0008637401872843599
6944422.0	4532316.0	8.582910411363519e-09
7109475.0	4532316.0	0.0008637401872843599
7450125.0	3385827.0	7.655391110524684e-10
7109475.0	3385827.0	0.0015949754150680795
3313573.0	6583140.0	0.0010848235326705498
8086425.0	6583140.0	0.0010848334351947937
8086425.0	6583140.0	0.0010848334351947937
3513466.0	6583140.0	0.003134888053844943
497418.0	114251.0	0.0019304614067214032
497418.0	2580950.0	0.0004826149904427113
3513466.0	2580950.0	0.0014478422216186804
3508956.0	114251.0	0.0019304614067214032
3508956.0	2580950.0	0.0004826149904427113
3513466.0	2580950.0	0.0014478422216186804
2580950.0	114251.0	0.0014478464162786919
3513466.0	114251.0	0.0028956886378973725
657200.0	114251.0	0.0019304614067214032
657200.0	2580950.0	0.0004826149904427113
3513466.0	2580950.0	0.0014478422216186804
4928573.0	1011527.0	0.0035060196044539482
3653350.0	1298762.0	0.000984946512063227
1379286.0	1298762.0	0.000984946512063227
3777524.0	2801559.0	0.0010737570695389799
7973076.0	2801559.0	4.1767740130253805e-09
6727313.0	2801559.0	0.004508807522561217
6727313.0	6912012.0	0.0025763478632915443
6727313.0	6912012.0	0.003435050453022237
3481618.0	5816907.0	0.002116036624230489
3481618.0	640043.0	0.0014106715856736095
3481618.0	2425135.0	0.0007053224861524345
3224142.0	2425135.0	0.0007053224861524345
640043.0	5816907.0	0.0007053650385568794
3224142.0	5816907.0	0.002116036624230489
3482570.0	5816907.0	0.002116036624230489
3482570.0	640043.0	0.0014106715856736095
3482570.0	2425135.0	0.0007053224861524345
2425135.0	5816907.0	0.0014107141380780544
2425135.0	640043.0	0.000705349099521175
3224142.0	640043.0	0.0014106715856736095
4054031.0	640043.0	0.0014106715856736095
1722028.0	1496715.0	0.003401636028993777
1722028.0	3807594.0	0.0005669386945819055
1438265.0	1496715.0	0.003401636028993777
1438265.0	3807594.0	0.0005669386945819055
3807594.0	1496715.0	0.0028346973344118716
4054031.0	1496715.0	0.003401636028993777
9314803.0	2815635.0	0.010997915796140545
12000271.0	2815635.0	0.021994514413746745
10831557.0	2815635.0	0.010997915796140545
12000271.0	2815635.0	0.021994514413746745
12000271.0	2815635.0	0.021994514413746745
2334592.0	3126629.0	2.0405166139885952e-08
2602732.0	3126629.0	0.0007493212140993383
2602732.0	2334592.0	0.0007493008089331984
2895494.0	2334592.0	0.0011948321528478718
2895494.0	2334592.0	0.0011948321528478718
2801559.0	5924412.0	0.0008148652090468499
5240125.0	4258081.0	0.0006412391306790814
2893024.0	4258081.0	0.0006412391306790814
8065247.0	4258081.0	0.0006412391306790814
1389556.0	1353011.0	0.00140704537569319
1389556.0	493958.0	0.000937375036282453
2156913.0	1389556.0	7.718187745343885e-08
2156913.0	1353011.0	0.0014071225575706435
2156913.0	493958.0	0.0009374522181599064
2055212.0	1389556.0	0.00047163420497684563
2055212.0	2156913.0	0.0004715570230993922
2055212.0	1353011.0	0.0018786795806700358
2055212.0	493958.0	0.0014090092412592987
2571870.0	1389556.0	0.00047163420497684563
2571870.0	2156913.0	0.0004715570230993922
2571870.0	1353011.0	0.0018786795806700358
2571870.0	493958.0	0.0014090092412592987
2053683.0	1389556.0	0.00047163420497684563
2053683.0	2156913.0	0.0004715570230993922
2053683.0	1353011.0	0.0018786795806700358
2053683.0	493958.0	0.0014090092412592987
493958.0	1353011.0	0.0004696703394107371
7338286.0	1353011.0	0.0018786795806700358
7338286.0	6589907.0	0.0012171557603788605
1500241.0	6589907.0	0.0012171557603788605
5349466.0	6589907.0	0.0005486635682264671
4918811.0	1655981.0	0.000668521830419813
1679187.0	1573683.0	0.0008241679074967343
1068249.0	1573683.0	0.0012362511242104662
1068249.0	1573683.0	0.0012362511242104662
2107581.0	1679187.0	0.00041208321671373186
2107581.0	1573683.0	0.0012362511242104662
2293836.0	1679187.0	0.00041208321671373186
2293836.0	1573683.0	0.0012362511242104662
1418118.0	1353011.0	0.00039613892747732187
1418118.0	267593.0	0.00039613802479133737
1559953.0	267593.0	0.00039613802479133737
267593.0	1353011.0	9.026859845002143e-10
1559953.0	1353011.0	0.00039613892747732187
790224.0	1353011.0	0.00039613892747732187
790224.0	267593.0	0.00039613802479133737
1587858.0	1353011.0	0.00039613892747732187
1587858.0	267593.0	0.00039613802479133737
1263783.0	1353011.0	0.00039613892747732187
1263783.0	267593.0	0.00039613802479133737
1346994.0	267593.0	0.0012696520647256086
1158990.0	7135.0	0.000436754480941216
1346994.0	7135.0	0.0026205452637613996
785005.0	7135.0	0.0017470312238271283
785005.0	1158990.0	0.0013102767428859123
1346994.0	1158990.0	0.0021837907828201834
4354004.0	1158990.0	0.002526210285692193
4012400.0	1835912.0	0.0006079724270390013
4354004.0	1835912.0	0.001823905969845282
2304335.0	4662759.0	0.0006636163563302245
1482542.0	4662759.0	0.0006636163563302245
1090438.0	328193.0	9.349565305988294e-10
2253489.0	328193.0	0.0025945448343767576
2253489.0	328193.0	0.0025945448343767576
6293599.0	1090438.0	0.0008648487455934097
6293599.0	328193.0	0.0008648496805499403
2253489.0	328193.0	0.0025945448343767576
4035296.0	328193.0	0.0009240024525094962
6601395.0	2801559.0	0.0008057109165654019
6530346.0	2801559.0	-5.756340784836647e-06
3612883.0	3385827.0	0.0012536416097658429
2896741.0	3385827.0	0.0012536416097658429
114584.0	157247.0	0.0005716075825889917
291724.0	157247.0	0.0002858040994992691
2464144.0	1553888.0	0.004283644005766663
2464144.0	1011527.0	0.004283643769798918
9194228.0	1011527.0	0.0014278577838459901
1011527.0	1553888.0	2.359677440423591e-10
9194228.0	1553888.0	0.0014278580198137342
3698198.0	2057112.0	0.0020335905861415893
3851577.0	2057112.0	0.0015251946866535395
3872548.0	16959.0	0.0016488649057725291
2555887.0	16959.0	0.0016488649057725291
3872548.0	16959.0	0.001099243553718569
3852314.0	16959.0	0.002211341674451207
4337665.0	418965.0	0.0005624785776170994
3852314.0	418965.0	0.0011249553462957776
3845970.0	1560385.0	0.0008581260309812341
1391499.0	1560385.0	0.0009380910148374843
1391499.0	1560385.0	0.0009380910148374843
3671584.0	1560385.0	0.002398350314967307
3671584.0	1560385.0	0.002398350314967307
1295146.0	2965371.0	0.0004956094482084018
1295146.0	2725775.0	0.0004956094482084018
3671584.0	2725775.0	0.0009912150073105811
4069816.0	2725775.0	0.0
1139637.0	2687790.0	0.0009676131566086464
1139637.0	1205043.0	0.0004838147774853274
1139637.0	1300194.0	0.001420718772141893
1139637.0	1569591.0	0.0004838147774853274
1139637.0	19068.0	0.0004838147774853274
2687790.0	1300194.0	0.0004531056155332466
2202284.0	1300194.0	0.0009369039946565656
1205043.0	2687790.0	0.00048379837912331897
1205043.0	1300194.0	0.0009369039946565656
2202284.0	1300194.0	0.0009369039946565656
1569591.0	2687790.0	0.00048379837912331897
1569591.0	1300194.0	0.0009369039946565656
19068.0	2687790.0	0.00048379837912331897
19068.0	1300194.0	0.0009369039946565656
1111013.0	1139637.0	0.0004530881808935913
1111013.0	2687790.0	0.0014207013375022377
1111013.0	1205043.0	0.0009369029583789187
1111013.0	1300194.0	0.0018738069530354843
1111013.0	1569591.0	0.0009369029583789187
1111013.0	19068.0	0.0009369029583789187
1403947.0	1338292.0	0.0007254025108789535
1351226.0	1338292.0	0.0003627018751345486
482158.0	1338292.0	0.0007254025108789535
572939.0	61605.0	0.00035542551521567484
397861.0	61605.0	0.00035542551521567484
995579.0	61605.0	0.00035542551521567484
1197747.0	61605.0	0.00035542551521567484
1262248.0	4281779.0	0.0007952088083091904
3540698.0	114251.0	0.0005344915601746622
982124.0	114251.0	0.0005344915601746622
240443.0	114251.0	0.0005344915601746622
3558960.0	114251.0	0.0005344915601746622
10690583.0	114251.0	-0.003708675095619124
9648217.0	8791364.0	0.004243993271672791
4514533.0	8791364.0	0.004937603857213279
4514533.0	8791364.0	0.004937603857213279
800421.0	8791364.0	0.0036741911459999273
2020820.0	1301076.0	2.480177758047014e-10
800421.0	1301076.0	3.0663864245081968e-09
5934365.0	1301076.0	0.0012932181824388028
879493.0	5883282.0	0.0007234148559458678
5934365.0	5883282.0	0.0014468278463253825
1684125.0	5883282.0	-0.0023482945199920133
1227200.0	2373138.0	0.003949351016404139
1227200.0	1957251.0	0.000438816262541364
1227200.0	2261259.0	0.003071713229354466
1957251.0	2373138.0	0.0035105347538627748
1957251.0	2261259.0	0.0026328969668131023
2261259.0	2373138.0	0.0008776377870496725
1684125.0	2373138.0	0.0008776416404662575
4813629.0	2401175.0	2.4291409083873616e-09
4813629.0	3859027.0	0.0035907468624049093
2401175.0	3859027.0	0.003590744433264001
2694184.0	3859027.0	0.0005984708444938952
8828394.0	3859027.0	0.0047876636881012975
6015889.0	9014183.0	6.3421296829686835e-09
8828394.0	9014183.0	0.0030475362233521107
3086930.0	9014183.0	0.0030475362233521107
14104.0	3305976.0	5.086866410953031e-10
3086930.0	3305976.0	0.0005412982362877673
1885150.0	3305976.0	0.0017132927175734902
1885210.0	1292178.0	0.0011720013103230422
1885150.0	1292178.0	0.0019533296467570036
7827958.0	1292178.0	-0.0036111796000597596
4531787.0	2337686.0	0.000704483877842718
5714290.0	2337686.0	0.000704483877842718
5821376.0	2337686.0	2.52743207851229e-09
3698198.0	2472111.0	0.0005073807814280832
3711988.0	686490.0	1.6756372201451666e-08
965051.0	57318.0	0.0007682398548168377
1545939.0	965051.0	0.0007682482552816027
1545939.0	57318.0	0.0015364881100984405
1772368.0	57318.0	9.648794395845234e-10
1144837.0	965051.0	0.001365188557255184
546509.0	965051.0	0.0009101270981660715
1506980.0	1144837.0	5.392763466685602e-10
1506980.0	965051.0	0.0013651890965315308
2624986.0	1144837.0	5.584505932774292e-10
2624986.0	965051.0	0.0013651891157057776
2624986.0	1506980.0	1.9174246608869017e-11
5839900.0	1506980.0	0.0004550624921020617
3326275.0	1087195.0	0.0005308799145344691
1383702.0	1087195.0	0.002123521856709219
1011527.0	3326275.0	0.0005308803777334025
1011527.0	1087195.0	0.0010617602922678715
1383702.0	1087195.0	0.002123521856709219
1383702.0	1087195.0	0.002123521856709219
462627.0	1405921.0	0.0006836383313190057
3603681.0	1405921.0	0.0006836383313190057
4165514.0	1405921.0	0.0006836383313190057
4525248.0	1405921.0	0.00011869282330953957
1926807.0	4525248.0	0.0005649566309261259
559032.0	4525248.0	0.0011781234147135076
562483.0	157247.0	0.0012263350427503586
559032.0	157247.0	0.0018395018265377405
185532.0	157247.0	0.0012263350427503586
559032.0	157247.0	0.0018395018265377405
328699.0	157247.0	0.0018395023182627415
328699.0	562483.0	0.000613167275512383
328699.0	185532.0	0.000613167275512383
4908341.0	3706088.0	0.0007688131243580971
6161134.0	3706088.0	0.0007688169827486108
6161134.0	3706088.0	0.0007688169827486108
5095117.0	3706088.0	0.0015376275074871805
495935.0	4338570.0	0.0006547081596339898
495935.0	5261232.0	0.0006547063587439543
5261232.0	4338570.0	1.8008900355128907e-09
5095117.0	4338570.0	0.0006547081596339898
3621140.0	4338570.0	0.0006547081596339898
3621140.0	5261232.0	0.0006547063587439543
1807100.0	5261232.0	0.0006547063587439543
1447509.0	1447509.0	0.00038829673992329467
8222015.0	1447509.0	0.002855977830515095
8222015.0	1447509.0	0.002855977830515095
3037236.0	1906356.0	0.0017242483466265882
6777880.0	1906356.0	0.000862126908907307
1490287.0	1906356.0	0.0017242483466265882
4373100.0	6876418.0	3.758923562083988e-08
1059101.0	6532189.0	0.0009805540920255114
1059101.0	2943218.0	0.0009805428636852887
7574108.0	6532189.0	0.0009805540920255114
7574108.0	2943218.0	0.0009805428636852887
1430856.0	6532189.0	0.0009805540920255114
1430856.0	2943218.0	0.0009805428636852887
2943218.0	6532189.0	1.1228340222662822e-08
4887736.0	6532189.0	0.0015777161830217582
4887736.0	6532189.0	0.0015777161830217582
4887736.0	6532189.0	0.0015777161830217582
5584420.0	1728704.0	8.805094126474594e-09
5316751.0	1728704.0	0.0014107341159345268
5316751.0	1728704.0	0.0014107341159345268
1728704.0	5584420.0	1.0025676673726912e-08
1728704.0	1728704.0	1.8830770800201506e-08
5316751.0	1728704.0	0.0014107341159345268
5930816.0	1728704.0	0.000705379510930911
511529.0	1491895.0	0.0016488996041999218
3243945.0	3281921.0	0.0004688019289661512
3004356.0	3281921.0	0.0004688019289661512
6610548.0	3281921.0	0.0004688019289661512
5517143.0	2556735.0	0.00090776841771062
6610548.0	2556735.0	0.0018155333637764092
1235074.0	1011527.0	0.002933596682258297
7598701.0	1011527.0	0.002933596682258297
1709108.0	1011527.0	0.002933596682258297
1428972.0	3288220.0	0.0006771662444390117
1428972.0	290326.0	0.004740151525453187
1428972.0	5466788.0	0.013543294743159644
11210545.0	3288220.0	0.0006771662444390117
11210545.0	290326.0	0.004740151525453187
11210545.0	5466788.0	0.013543294743159644
11210190.0	3288220.0	0.0006771662444390117
11210190.0	290326.0	0.004740151525453187
11210190.0	5466788.0	0.013543294743159644
3288220.0	290326.0	0.004062985281014175
3288220.0	5466788.0	0.012866128498720632
290326.0	5466788.0	0.008803143217706456
5413974.0	5466788.0	0.007448818366056655
6693915.0	1011527.0	0.0022661973516295716
7131052.0	1011527.0	0.001133101202026093
3678901.0	2518525.0	0.000993092547307394
3700056.0	2518525.0	0.000993092547307394
12243737.0	2518525.0	0.020039355508217154
12243737.0	2518525.0	0.020039355508217154
12243737.0	2518525.0	0.020039355508217154
1272330.0	124119.0	0.0004066156192554784
5904458.0	124119.0	-0.0007337019514345584
5176202.0	1906356.0	0.0007336910290663953
5904458.0	1906356.0	0.0007337042193541918
4765745.0	1906356.0	0.0014674061707887502
4765745.0	5176202.0	0.0007337151417223549
4772989.0	1906356.0	0.0014674061707887502
4772989.0	5176202.0	0.0007337151417223549
8910194.0	5176202.0	-0.0034114497850984108
6392431.0	4281779.0	0.004145234234272469
572827.0	2402943.0	0.0004754164990535734
572827.0	157247.0	0.0014262555846198913
3140335.0	157247.0	0.0014262583837519785
2402943.0	157247.0	0.0009508390855663179
3140335.0	157247.0	0.0014262583837519785
2042748.0	572827.0	1.0777986052474056e-09
2042748.0	2402943.0	0.00047541757685217866
2042748.0	157247.0	0.0014262566624184967
3140335.0	157247.0	0.0014262583837519785
3140335.0	157247.0	0.0014262583837519785
3515127.0	1512940.0	0.006275065906302666
3515127.0	3445573.0	0.0014480935075530848
3445573.0	1512940.0	0.004826972398749582
2915384.0	1512940.0	0.006275065906302666
2915384.0	3445573.0	0.0014480935075530848
754015.0	1512940.0	0.006275065906302666
754015.0	3445573.0	0.0014480935075530848
6579138.0	5921745.0	0.0010080357252390897
2817437.0	5921745.0	0.002016069451140432
2817437.0	5921745.0	0.002016069451140432
623150.0	4668696.0	0.007180297206933119
1581095.0	4668696.0	0.007180297206933119
2781862.0	4668696.0	0.007180297206933119
884995.0	4668696.0	0.0009304727200988416
2871974.0	4668696.0	0.007180297206933119
3202144.0	4668696.0	0.007690045647432602
2739900.0	3717479.0	0.0005097498239291336
3202144.0	3717479.0	0.0010194982644286168
3671225.0	3717479.0	0.0005097498239291336
3202144.0	3717479.0	0.0010194982644286168
3515379.0	551841.0	0.0009691569395614997
3531238.0	551841.0	0.001938312819189501
1817690.0	551841.0	0.0009691569395614997
3531238.0	551841.0	0.001938312819189501
3531238.0	551841.0	0.001938312819189501
3191066.0	2725775.0	0.0014430309808510656
3191066.0	2586583.0	0.00048138945856674597
3191066.0	3301046.0	0.00048138945856674597
2586583.0	2725775.0	0.0009616415222843197
3301046.0	2725775.0	0.0009616415222843197
636065.0	2725775.0	0.0009616415222843197
135121.0	183471.0	0.0015688472094380075
135121.0	283366.0	0.0003137696538314351
283366.0	183471.0	0.0012550775556065723
636065.0	183471.0	0.0015688472094380075
2538286.0	183471.0	0.002419600835273251
2538286.0	183471.0	0.002419600835273251
4977144.0	2687790.0	1.1191103019324647e-09
1869730.0	2687790.0	0.0008558676995051507
1869730.0	2687790.0	0.0008558676995051507
3386807.0	2020565.0	0.000736100411698686
3386807.0	747355.0	0.0014691367655597898
3386807.0	3561864.0	0.0014691116350520205
2206064.0	2020565.0	0.000736100411698686
2206064.0	747355.0	0.0014691367655597898
2206064.0	3561864.0	0.0014691116350520205
2020565.0	747355.0	0.0007330363538611038
2020565.0	3561864.0	0.0007330112233533344
706697.0	3561864.0	0.0007370243490627959
706697.0	3561864.0	0.0007370243490627959
3561864.0	747355.0	2.5130507769373367e-08
706697.0	747355.0	0.0007370494795705653
1826376.0	747355.0	0.0014691367655597898
1554215.0	1093922.0	1.0266826712249967e-09
1826376.0	1093922.0	0.0004434934590442361
2140284.0	1093922.0	0.0004434934590442361
1172606.0	1172606.0	0.0014090634563207493
1172606.0	417806.0	0.0004696877038743158
1491895.0	1172606.0	0.0014090634563207493
1491895.0	417806.0	0.0004696877038743158
3259283.0	417806.0	4.008703366541015e-10
417806.0	1172606.0	0.0009393757524464335
3259283.0	1172606.0	0.0009393761533167701
1878295.0	240443.0	0.0004716799303709152
3256623.0	240443.0	1.2772077746000914e-09
2468342.0	240443.0	0.0004716799303709152
1926330.0	4665.0	3.886846940365316e-08
2468342.0	4665.0	0.0004667991786602547
2468342.0	4665.0	0.0004667991786602547
2468342.0	1926330.0	0.00046676031019085107
5536355.0	1926330.0	-0.00022014186401161126
811240.0	3298930.0	4.821698354603651e-09
4904490.0	3298930.0	0.0006055887341332602
4904490.0	3298930.0	0.0006055887341332602
1741397.0	3298930.0	0.001975797142993584
1741397.0	3298930.0	0.001975797142993584
1741397.0	3298930.0	0.001975797142993584
991275.0	2770274.0	0.0009329776678243162
1897974.0	2770274.0	0.0013994677900334884
1897974.0	2770274.0	0.0013994677900334884
4118983.0	1011527.0	0.0025103196772017435
4241030.0	1011527.0	0.0025103196772017435
4212356.0	1011527.0	0.0018827531596784441
9578024.0	1011527.0	0.0025103196772017435
1829499.0	8543056.0	0.0016135757610545231
4057622.0	8543056.0	0.0016135757610545231
5060349.0	8543056.0	0.0016135757610545231
2793065.0	8543056.0	0.0011636115026564665
1624960.0	1664501.0	9.373528212300308e-12
2793065.0	1664501.0	4.218083826017585e-10
965051.0	1664501.0	3.515072873614203e-11
965051.0	1624960.0	2.577720052384172e-11
2793065.0	1624960.0	4.124348543894582e-10
3112055.0	2391168.0	0.00036200035525990474
1365908.0	2391168.0	0.000874259708872502
1365908.0	2391168.0	0.000874259708872502
2731580.0	3112055.0	7.513039708536889e-05
2731580.0	2391168.0	0.00043713075234527363
1365908.0	2391168.0	0.000874259708872502
2900561.0	2391168.0	0.000874259708872502
2183803.0	1931887.0	0.0004556102878846331
2183803.0	774078.0	0.0004556067657665294
1489444.0	1931887.0	0.0004556102878846331
1489444.0	774078.0	0.0004556067657665294
774078.0	1931887.0	3.5221181036819427e-09
2900561.0	1931887.0	0.0004556102878846331
8893954.0	5599727.0	0.007846485810449739
8893954.0	8894140.0	0.0013077499707742379
8893954.0	8894140.0	0.0013077499707742379
8894140.0	5599727.0	0.006538735839675501
8893954.0	5599727.0	0.007846485810449739
5930816.0	5599727.0	0.007846485810449739
4813369.0	5932444.0	0.0007173532536655338
4813369.0	3977560.0	0.0007170948934462642
3295715.0	5932444.0	0.0007173532536655338
3295715.0	3977560.0	0.0007170948934462642
3977560.0	5932444.0	2.5836021926961116e-07
5930816.0	5932444.0	0.0007173532536655338
2605183.0	2151050.0	0.001367555881516157
3011784.0	2151050.0	2.218705099851781e-09
1678924.0	2151050.0	0.001367555881516157
4859669.0	2151050.0	0.001367555881516157
5453582.0	699010.0	0.001984151650520419
5453582.0	2239174.0	0.0013227687492036527
5453582.0	5362539.0	0.000661384161962656
4943236.0	699010.0	0.001984151650520419
4943236.0	2239174.0	0.0013227687492036527
4943236.0	5362539.0	0.000661384161962656
4943236.0	5362539.0	-0.0013227611853525731
2239174.0	699010.0	0.0006613829013167665
5362539.0	699010.0	0.0013227674885577631
5362539.0	2239174.0	0.0006613845872409967
2877123.0	2239174.0	0.0013227687492036527
4830296.0	1175966.0	0.0013415047334338025
60223.0	678801.0	0.0007395006760845654
1417988.0	678801.0	0.0014790014597691687
1417988.0	678801.0	0.0014790014597691687
1479432.0	60223.0	0.00036974898354222107
1479432.0	678801.0	0.0011092496596267864
1417988.0	678801.0	0.0014790014597691687
691156.0	60223.0	0.0007395007836846032
691156.0	678801.0	0.0014790014597691687
691156.0	1479432.0	0.0003697518001423822
446536.0	579148.0	0.00036345710866849545
1383734.0	579148.0	0.00036345710866849545
3195880.0	579148.0	0.00036345710866849545
624555.0	361762.0	0.0005457730853354287
3195880.0	361762.0	0.00109153287740639
3653164.0	361762.0	0.0015972252736269309
2763026.0	2394874.0	0.0005056938080384801
3653164.0	2394874.0	0.0010113862042590207
1135898.0	2394874.0	0.0005056938080384801
191226.0	679006.0	0.0008863091004122599
